id,company_name,contact,email,address,notes
65bfd92afc13ae34700b2c43,Minyx,578-390-7049,rmoseby0@drupal.org,268 Thackeray Road,
65bfd92afc13ae34700b2c44,Quimba,900-934-2938,afarn1@deliciousdays.com,5308 Rusk Terrace,
65bfd92afc13ae34700b2c45,Innojam,347-114-7771,dpitt2@issuu.com,5766 Oak Valley Parkway,
65bfd92afc13ae34700b2c46,Thoughtstorm,224-293-7336,tthatcher3@cdc.gov,0 Summerview Parkway,
65bfd92afc13ae34700b2c47,Yozio,508-442-9669,mtribell4@dmoz.org,1 Maywood Terrace,
65bfd92afc13ae34700b2c48,Edgeify,903-405-8165,lokielt5@yellowbook.com,020 Raven Court,
65bfd92afc13ae34700b2c49,Skyvu,847-892-9065,kbaden6@nhs.uk,53033 Warbler Crossing,
65bfd92afc13ae34700b2c4a,Chatterbridge,446-631-1524,divanonko7@statcounter.com,8 Ridgeview Lane,
65bfd92afc13ae34700b2c4b,Voonyx,109-596-3656,lmcbrady8@dion.ne.jp,5 Mandrake Lane,
65bfd92afc13ae34700b2c4c,Jazzy,789-676-7679,ekornilov9@icq.com,0 Namekagon Point,
65bfd92afc13ae34700b2c4d,Realcube,417-788-5127,cmaplethorpea@gravatar.com,18 Grasskamp Lane,
65bfd92afc13ae34700b2c4e,Realcube,526-476-1607,jbelkb@hp.com,2 Warrior Avenue,
65bfd92afc13ae34700b2c4f,Realcube,284-329-1095,jdulenc@globo.com,527 Ridgeview Parkway,
65bfd92afc13ae34700b2c50,Zoovu,127-594-8782,kjacksd@taobao.com,1995 Utah Junction,
65bfd92afc13ae34700b2c51,Lajo,417-819-0869,wzanettinie@pbs.org,9759 Mallard Lane,
65bfd92afc13ae34700b2c52,Yambee,236-434-9521,rcreanyf@buzzfeed.com,25536 Fieldstone Crossing,
65bfd92afc13ae34700b2c53,Edgeclub,907-368-4369,kjamesg@wunderground.com,8 Bultman Center,
65bfd92afc13ae34700b2c54,Izio,167-878-5125,bhotsonh@illinois.edu,9515 Nobel Parkway,
65bfd92afc13ae34700b2c55,Topicshots,626-956-8484,jebbsi@free.fr,61 Russell Way,
65bfd92afc13ae34700b2c56,Podcat,658-299-4330,hadiscotj@netlog.com,0876 Spaight Point,
65bfd92afc13ae34700b2c57,Mynte,865-272-8680,afollissk@tripod.com,34876 Parkside Way,
65bfd92afc13ae34700b2c58,Abata,229-757-8953,abelhaml@stanford.edu,65880 Sommers Place,
65bfd92afc13ae34700b2c59,Zooveo,175-715-0721,jfoulstonem@cdc.gov,27 Bellgrove Plaza,
65bfd92afc13ae34700b2c5a,Ainyx,170-410-1445,etuckien@domainmarket.com,95 Carberry Circle,
65bfd92afc13ae34700b2c5b,Zazio,138-116-9895,ccolvieo@photobucket.com,7345 Westerfield Park,
65bfd92afc13ae34700b2c5c,Centidel,256-743-0780,fomandp@ftc.gov,30743 Melody Park,
65bfd92afc13ae34700b2c5d,Roomm,963-422-5442,jkernanq@techcrunch.com,43 Brown Lane,
65bfd92afc13ae34700b2c5e,Oyoyo,664-193-9730,rmiqueletr@cnbc.com,72799 Pond Pass,
65bfd92afc13ae34700b2c5f,Einti,542-530-7056,ppleveys@g.co,3218 Warbler Circle,
65bfd92afc13ae34700b2c60,Tazz,417-151-1404,oollerheadt@delicious.com,9 Riverside Way,
65bfd92afc13ae34700b2c61,Blogtag,575-406-1105,nflancinbaumu@nationalgeographic.com,03445 Arapahoe Road,
65bfd92afc13ae34700b2c62,Cogibox,890-223-8614,csprowsonv@zimbio.com,758 Basil Avenue,
65bfd92afc13ae34700b2c63,Trunyx,989-213-2211,zerbew@va.gov,47879 6th Junction,
65bfd92afc13ae34700b2c64,Skipstorm,439-659-6226,dcoffeyx@dagondesign.com,6 Swallow Junction,
65bfd92afc13ae34700b2c65,Wikivu,868-275-1788,awatty@columbia.edu,07 Orin Road,
65bfd92afc13ae34700b2c66,Babblestorm,220-256-1823,wdanburyz@alexa.com,4250 Namekagon Pass,
65bfd92afc13ae34700b2c67,Flipopia,369-292-3949,hsimpson10@businesswire.com,32262 Grover Terrace,
65bfd92afc13ae34700b2c68,Skilith,935-313-1641,ggorwood11@abc.net.au,93708 Division Parkway,
65bfd92afc13ae34700b2c69,Gabtune,907-701-6734,nalderwick12@intel.com,35827 Ludington Hill,
65bfd92afc13ae34700b2c6a,Thoughtstorm,722-165-7676,cshearman13@diigo.com,52 Susan Hill,
65bfd92afc13ae34700b2c6b,Meejo,472-444-9741,smassingberd14@issuu.com,620 Saint Paul Plaza,
65bfd92afc13ae34700b2c6c,Meevee,123-129-3393,jfraulo15@nytimes.com,1217 Magdeline Pass,
65bfd92afc13ae34700b2c6d,Thoughtsphere,336-431-1028,mryder16@so-net.ne.jp,7 Killdeer Circle,
65bfd92afc13ae34700b2c6e,Meezzy,879-600-5143,nlukes17@wikispaces.com,4346 Blackbird Hill,
65bfd92afc13ae34700b2c6f,Thoughtbridge,363-719-8795,mlavies18@cbc.ca,6768 Straubel Hill,
65bfd92afc13ae34700b2c70,Buzzbean,614-346-8359,aherreros19@slate.com,79516 Lillian Way,
65bfd92afc13ae34700b2c71,Blognation,180-203-9340,mkhan1a@desdev.cn,1977 Bluestem Trail,
65bfd92afc13ae34700b2c72,Agimba,769-753-7708,efarrow1b@163.com,012 Dovetail Way,
65bfd92afc13ae34700b2c73,Dabjam,118-613-7547,rwakeley1c@geocities.jp,82675 Heffernan Plaza,
65bfd92afc13ae34700b2c74,Trilith,639-809-8189,fmozzetti1d@rambler.ru,621 Gina Way,
65bfd92afc13ae34700b2c75,Nlounge,705-539-2695,ajentle1e@liveinternet.ru,8057 Memorial Trail,
65bfd92afc13ae34700b2c76,Jabberbean,342-597-8426,adaskiewicz1f@amazonaws.com,522 Clarendon Lane,
65bfd92afc13ae34700b2c77,Dabfeed,732-353-3433,ewynch1g@umn.edu,9294 Kennedy Street,
65bfd92afc13ae34700b2c78,Oozz,495-910-8986,aedgin1h@meetup.com,531 Luster Center,
65bfd92afc13ae34700b2c79,Feednation,471-117-8811,vdhenin1i@state.tx.us,0668 Granby Avenue,
65bfd92afc13ae34700b2c7a,Skajo,767-430-2131,pmargetts1j@businesswire.com,8 High Crossing Terrace,
65bfd92afc13ae34700b2c7b,Kwideo,568-688-2463,dgladdifh1k@apple.com,1009 Schurz Drive,
65bfd92afc13ae34700b2c7c,Mymm,424-278-2349,bphelip1l@edublogs.org,840 Debra Junction,
65bfd92afc13ae34700b2c7d,Teklist,266-157-1641,aolyhane1m@odnoklassniki.ru,36 Iowa Center,
65bfd92afc13ae34700b2c7e,Demivee,269-529-9074,egeffen1n@51.la,96 Fallview Way,
65bfd92afc13ae34700b2c7f,Brainlounge,676-882-8799,mguild1o@berkeley.edu,03744 Oxford Circle,
65bfd92afc13ae34700b2c80,Yambee,978-756-8328,lmclagan1p@comsenz.com,4877 Bultman Circle,
65bfd92afc13ae34700b2c81,Vidoo,365-138-5418,jfacey1q@nih.gov,351 Mifflin Circle,
65bfd92afc13ae34700b2c82,Topiczoom,896-923-9344,vkitcatt1r@guardian.co.uk,057 Kedzie Point,
65bfd92afc13ae34700b2c83,Babbleblab,443-820-4120,mzukerman1s@tamu.edu,0 Kedzie Place,
65bfd92afc13ae34700b2c84,Kanoodle,761-873-6318,sdelacourt1t@tiny.cc,2 Corry Avenue,
65bfd92afc13ae34700b2c85,Thoughtworks,958-820-5741,cstokoe1u@virginia.edu,637 Rieder Avenue,
65bfd92afc13ae34700b2c86,Podcat,555-940-5980,bartist1v@dmoz.org,49 Holy Cross Drive,
65bfd92afc13ae34700b2c87,Skivee,299-725-8325,ebifield1w@topsy.com,2945 Independence Park,
65bfd92afc13ae34700b2c88,Kazu,146-745-4986,rleggitt1x@discovery.com,1878 Northview Plaza,
65bfd92afc13ae34700b2c89,Wikido,210-270-9344,sprater1y@fda.gov,580 Petterle Junction,
65bfd92afc13ae34700b2c8a,Jayo,405-990-5701,kfalk1z@marriott.com,7449 Dorton Hill,
65bfd92afc13ae34700b2c8b,Leenti,856-579-0535,jhawking20@phpbb.com,42809 Goodland Point,
65bfd92afc13ae34700b2c8c,Rhycero,413-496-2147,hbeaford21@de.vu,3 Red Cloud Alley,
65bfd92afc13ae34700b2c8d,Meetz,106-944-2189,lcarrigan22@ucla.edu,82 Eliot Plaza,
65bfd92afc13ae34700b2c8e,Babblestorm,918-636-9463,hberrycloth23@jiathis.com,48850 Merry Plaza,
65bfd92afc13ae34700b2c8f,Realfire,870-879-7053,lgreenhowe24@epa.gov,5936 High Crossing Terrace,
65bfd92afc13ae34700b2c90,Zoombox,820-614-8267,mdoxsey25@geocities.jp,092 Barnett Park,
65bfd92afc13ae34700b2c91,Feedspan,997-327-4721,bcarney26@ning.com,00 Porter Drive,
65bfd92afc13ae34700b2c92,Cogidoo,746-655-3189,rsummerlie27@xing.com,896 Waubesa Way,
65bfd92afc13ae34700b2c93,Agimba,737-715-3268,dgreystock28@patch.com,558 Oakridge Pass,
65bfd92afc13ae34700b2c94,Meezzy,697-115-8322,eguillerman29@unblog.fr,23 Randy Drive,
65bfd92afc13ae34700b2c95,Voomm,664-745-6253,kyockley2a@gnu.org,9160 Summit Junction,
65bfd92afc13ae34700b2c96,Riffpath,491-274-4294,oslaughter2b@loc.gov,60113 Monument Parkway,
65bfd92afc13ae34700b2c97,Oyondu,676-104-5900,yblackstock2c@webeden.co.uk,95 Algoma Drive,
65bfd92afc13ae34700b2c98,Eire,262-332-9025,kgillanders2d@opensource.org,21 Monica Crossing,
65bfd92afc13ae34700b2c99,Thoughtstorm,323-672-0732,lstoggles2e@oaic.gov.au,37215 Mallory Place,
65bfd92afc13ae34700b2c9a,Shuffledrive,212-429-6414,fdelhay2f@omniture.com,98 Coolidge Lane,
65bfd92afc13ae34700b2c9b,Rhybox,448-183-2945,kmichelotti2g@redcross.org,85698 Chive Pass,
65bfd92afc13ae34700b2c9c,Ntags,553-170-1552,ocicetti2h@privacy.gov.au,23 La Follette Junction,
65bfd92afc13ae34700b2c9d,Midel,202-880-2141,fbernardino2i@msu.edu,06 Anthes Trail,
65bfd92afc13ae34700b2c9e,Plambee,969-854-4122,cduberry2j@baidu.com,295 New Castle Point,
65bfd92afc13ae34700b2c9f,Yabox,989-647-6332,bmelbourn2k@xrea.com,69 Welch Parkway,
65bfd92afc13ae34700b2ca0,Meejo,650-343-3419,amaynard2l@about.com,8861 Springview Plaza,
65bfd92afc13ae34700b2ca1,Feedfire,925-382-0861,tberger2m@google.ca,9630 Fieldstone Circle,
65bfd92afc13ae34700b2ca2,Izio,842-456-0983,gfishleigh2n@house.gov,6 Tennessee Parkway,
65bfd92afc13ae34700b2ca3,Feedspan,768-135-4394,rfortye2o@google.com.hk,59657 Scofield Street,
65bfd92afc13ae34700b2ca4,Voolith,205-886-9325,icusworth2p@earthlink.net,03878 Bonner Avenue,
65bfd92afc13ae34700b2ca5,Feedspan,619-989-7448,skenright2q@irs.gov,61241 Dottie Avenue,
65bfd92afc13ae34700b2ca6,Eare,166-261-8985,slineen2r@ebay.com,4525 Anderson Parkway,
65bfd92afc13ae34700b2ca7,Mita,866-359-5174,jizak2s@multiply.com,08732 Del Sol Park,
65bfd92afc13ae34700b2ca8,Twimbo,796-539-2426,sruprich2t@macromedia.com,0824 High Crossing Terrace,
65bfd92afc13ae34700b2ca9,Tagopia,775-444-0363,ksmallsman2u@twitter.com,46 Fremont Parkway,
65bfd92afc13ae34700b2caa,Topicware,157-610-8145,mdefew2v@liveinternet.ru,0 Porter Point,
65bfd92afc13ae34700b2cab,Gabtune,744-243-1937,cbertin2w@gravatar.com,6283 Dunning Crossing,
65bfd92afc13ae34700b2cac,Tagtune,317-583-1982,wframpton2x@liveinternet.ru,27151 Monterey Plaza,
65bfd92afc13ae34700b2cad,Oozz,306-174-0265,ared2y@huffingtonpost.com,3363 Stuart Terrace,
65bfd92afc13ae34700b2cae,Twinte,782-382-9806,nboylan2z@digg.com,7073 Hauk Avenue,
65bfd92afc13ae34700b2caf,Zoomdog,360-299-1854,mtoffolo30@theatlantic.com,99768 Loomis Point,
65bfd92afc13ae34700b2cb0,Realcube,450-206-6122,radacot31@cafepress.com,47 Hallows Crossing,
65bfd92afc13ae34700b2cb1,Rooxo,587-127-2066,jpiscopiello32@sphinn.com,5 Trailsway Lane,
65bfd92afc13ae34700b2cb2,Flipbug,704-805-2327,scrutchley33@indiatimes.com,1 Schlimgen Place,
65bfd92afc13ae34700b2cb3,Meezzy,411-194-2556,scrouse34@last.fm,68848 Toban Court,
65bfd92afc13ae34700b2cb4,Skidoo,250-582-1797,gvandecastele35@godaddy.com,1393 Monterey Place,
65bfd92afc13ae34700b2cb5,Rooxo,668-522-4642,hwickens36@comsenz.com,02050 Messerschmidt Point,
65bfd92afc13ae34700b2cb6,Feedfish,673-312-4737,bballay37@google.cn,549 Alpine Center,
65bfd92afc13ae34700b2cb7,Skiptube,225-462-8333,rliddell38@scribd.com,047 Rowland Crossing,
65bfd92afc13ae34700b2cb8,Flashset,478-335-1100,mbirckmann39@bandcamp.com,6476 Killdeer Alley,
65bfd92afc13ae34700b2cb9,Dabjam,251-550-9538,jpebworth3a@imageshack.us,163 Bultman Way,
65bfd92afc13ae34700b2cba,Youtags,646-869-4789,kmcgeffen3b@ocn.ne.jp,54 Waywood Court,
65bfd92afc13ae34700b2cbb,Digitube,115-109-0839,vgianettini3c@wikia.com,77 Arapahoe Parkway,
65bfd92afc13ae34700b2cbc,Gigaclub,334-550-9770,ldruce3d@businesswire.com,92 Debra Point,
65bfd92afc13ae34700b2cbd,Twimm,742-713-1068,achatelet3e@dyndns.org,04 Golf Course Road,
65bfd92afc13ae34700b2cbe,Jayo,102-969-1344,aspilstead3f@fema.gov,6245 South Drive,
65bfd92afc13ae34700b2cbf,Kanoodle,506-981-7252,hhugnet3g@comsenz.com,47128 Kim Drive,
65bfd92afc13ae34700b2cc0,Photobug,862-345-0158,apeart3h@behance.net,2895 Jay Road,
65bfd92afc13ae34700b2cc1,Skyndu,650-642-2872,gtop3i@vistaprint.com,9 Hagan Trail,
65bfd92afc13ae34700b2cc2,Skiba,229-998-5497,gmeiner3j@istockphoto.com,7 Larry Parkway,
65bfd92afc13ae34700b2cc3,Meevee,794-816-7886,adroogan3k@redcross.org,899 Laurel Alley,
65bfd92afc13ae34700b2cc4,Fatz,885-949-9202,pendean3l@mozilla.com,38001 Meadow Vale Alley,
65bfd92afc13ae34700b2cc5,Jabbersphere,763-787-4810,aarpin3m@yale.edu,7 Dayton Lane,
65bfd92afc13ae34700b2cc6,Thoughtworks,128-778-2267,bbellwood3n@aboutads.info,05093 Pine View Terrace,
65bfd92afc13ae34700b2cc7,Mybuzz,289-789-3398,ogeffinger3o@friendfeed.com,87 Independence Lane,
65bfd92afc13ae34700b2cc8,Brainlounge,592-424-2077,onevins3p@opensource.org,26 Messerschmidt Drive,
65bfd92afc13ae34700b2cc9,Quimba,667-383-4495,fmcdonnell3q@microsoft.com,969 Bluejay Trail,
65bfd92afc13ae34700b2cca,Blogtag,460-967-6300,ktarbett3r@businessinsider.com,35 Myrtle Pass,
65bfd92afc13ae34700b2ccb,Kwilith,897-168-2147,hbalwin3s@washington.edu,68 Oakridge Terrace,
65bfd92afc13ae34700b2ccc,Voomm,515-755-9142,mdensie3t@issuu.com,35 Calypso Lane,
65bfd92afc13ae34700b2ccd,Brightdog,668-279-5023,fkings3u@163.com,8106 Kinsman Pass,
65bfd92afc13ae34700b2cce,Babblestorm,142-190-2099,mfernyhough3v@archive.org,17 Almo Place,
65bfd92afc13ae34700b2ccf,Lajo,407-123-7889,abaumer3w@parallels.com,01877 Sunfield Terrace,
65bfd92afc13ae34700b2cd0,Pixoboo,165-870-3265,mdrinnan3x@harvard.edu,043 Johnson Plaza,
65bfd92bfc13ae34700b2cd1,Oyoba,825-414-1357,beberts3y@sina.com.cn,6963 Dayton Pass,
65bfd92bfc13ae34700b2cd2,Blogspan,513-277-8587,nnewham3z@dailymail.co.uk,63833 Morningstar Drive,
65bfd92bfc13ae34700b2cd3,Demivee,690-365-7915,ushakelady40@constantcontact.com,1344 Talisman Circle,
65bfd92bfc13ae34700b2cd4,Demimbu,954-167-6205,lrosenfelt41@ted.com,9492 Mesta Alley,
65bfd92bfc13ae34700b2cd5,Browsebug,197-408-9645,rsackler42@techcrunch.com,77 Truax Terrace,
65bfd92bfc13ae34700b2cd6,Jaxworks,349-202-5638,crusbridge43@house.gov,93768 Sullivan Crossing,
65bfd92bfc13ae34700b2cd7,Photojam,242-707-7174,msutheran44@squidoo.com,9103 East Terrace,
65bfd92bfc13ae34700b2cd8,Thoughtbeat,866-251-5637,ldyzart45@wikispaces.com,33 Hagan Center,
65bfd92bfc13ae34700b2cd9,Devshare,883-530-2367,vdumini46@t.co,5423 Upham Place,
65bfd92bfc13ae34700b2cda,Trudeo,123-618-8137,asellens47@g.co,69071 Veith Road,
65bfd92bfc13ae34700b2cdb,Yodo,922-373-5316,jpourvoieur48@pcworld.com,478 Butterfield Lane,
65bfd92bfc13ae34700b2cdc,Teklist,919-379-8427,kmarsland49@symantec.com,6787 Sycamore Junction,
65bfd92bfc13ae34700b2cdd,Vinder,300-355-1951,ayounglove4a@xrea.com,23262 Canary Terrace,
65bfd92bfc13ae34700b2cde,Dabtype,448-231-2992,sakred4b@topsy.com,86 Laurel Street,
65bfd92bfc13ae34700b2cdf,Thoughtbeat,183-789-0380,ncallar4c@devhub.com,6 Monterey Hill,
65bfd92bfc13ae34700b2ce0,Skajo,297-883-0308,nhauch4d@ftc.gov,7423 Ryan Park,
65bfd92bfc13ae34700b2ce1,InnoZ,350-450-0235,ccorstorphine4e@homestead.com,412 Grayhawk Terrace,
65bfd92bfc13ae34700b2ce2,Brainsphere,499-452-8278,ccreany4f@mozilla.com,8671 Butterfield Parkway,
65bfd92bfc13ae34700b2ce3,Skipstorm,700-495-1023,ndanslow4g@xing.com,70253 Butterfield Junction,
65bfd92bfc13ae34700b2ce4,Flashdog,593-627-4150,vdowning4h@flickr.com,573 Badeau Street,
65bfd92bfc13ae34700b2ce5,Chatterpoint,955-274-5768,edelle4i@phpbb.com,6657 Becker Way,
65bfd92bfc13ae34700b2ce6,Fiveclub,500-263-5120,abowness4j@slate.com,585 Shasta Way,
65bfd92bfc13ae34700b2ce7,Oba,174-689-8199,ckhidr4k@gravatar.com,796 Park Meadow Hill,
65bfd92bfc13ae34700b2ce8,Skivee,513-383-3086,aclaxson4l@wikimedia.org,559 Killdeer Pass,
65bfd92bfc13ae34700b2ce9,Photobean,591-563-0174,bmoreside4m@theglobeandmail.com,4845 Glendale Court,
65bfd92bfc13ae34700b2cea,Leexo,732-241-1562,spickford4n@meetup.com,145 Wayridge Place,
65bfd92bfc13ae34700b2ceb,Trunyx,255-607-6934,ksidwell4o@nps.gov,0879 Atwood Place,
65bfd92bfc13ae34700b2cec,Tanoodle,662-758-1301,bsauvage4p@wunderground.com,3 Maryland Park,
65bfd92bfc13ae34700b2ced,Shuffledrive,169-840-9758,kcrosthwaite4q@photobucket.com,1592 Grim Point,
65bfd92bfc13ae34700b2cee,Skynoodle,863-517-8440,gbolus4r@miibeian.gov.cn,84152 Roxbury Circle,
65bfd92bfc13ae34700b2cef,Browseblab,743-855-2777,dbaptista4s@t.co,49374 Hansons Junction,
65bfd92bfc13ae34700b2cf0,Yombu,289-946-4554,ucawsy4t@exblog.jp,98229 Tennyson Alley,
65bfd92bfc13ae34700b2cf1,Edgetag,465-766-6170,gbonevant4u@wired.com,10 Pepper Wood Way,
65bfd92bfc13ae34700b2cf2,Divanoodle,951-504-7733,mgilhespy4v@dagondesign.com,64672 Welch Place,
65bfd92bfc13ae34700b2cf3,Skivee,277-962-2737,lfireman4w@nifty.com,47916 Maple Wood Point,
65bfd92bfc13ae34700b2cf4,Skivee,622-281-2483,clegood4x@ibm.com,8 Graedel Way,
65bfd92bfc13ae34700b2cf5,Einti,598-789-6615,azapatero4y@mapquest.com,498 Buena Vista Drive,
65bfd92bfc13ae34700b2cf6,Riffpath,144-786-3487,hgrouse4z@mediafire.com,528 Clemons Alley,
65bfd92bfc13ae34700b2cf7,Roomm,720-185-5090,ifoad50@marriott.com,45851 Anhalt Circle,
65bfd92bfc13ae34700b2cf8,Edgeclub,430-729-7961,tpachmann51@pcworld.com,9767 Golf Course Place,
65bfd92bfc13ae34700b2cf9,Realblab,792-892-5281,nramel52@baidu.com,59313 Little Fleur Parkway,
65bfd92bfc13ae34700b2cfa,Tambee,860-752-9862,eollive53@stanford.edu,10 Jackson Trail,
65bfd92bfc13ae34700b2cfb,Feednation,402-314-2891,omcdill54@ask.com,1241 Sullivan Hill,
65bfd92bfc13ae34700b2cfc,Centizu,866-909-5733,mwareham55@unicef.org,96 Jana Hill,
65bfd92bfc13ae34700b2cfd,Jamia,425-655-1822,jtregunnah56@hp.com,084 High Crossing Parkway,
65bfd92bfc13ae34700b2cfe,Zooxo,749-651-1278,wkepp57@house.gov,42 Meadow Valley Parkway,
65bfd92bfc13ae34700b2cff,Katz,458-829-7381,tmurney58@youku.com,23 Blaine Terrace,
65bfd92bfc13ae34700b2d00,Jabbersphere,114-959-0023,jhargreave59@example.com,7178 Eastlawn Avenue,
65bfd92bfc13ae34700b2d01,Ntag,542-838-3227,dgoble5a@exblog.jp,3353 Golf View Park,
65bfd92bfc13ae34700b2d02,Midel,722-952-3190,cbonnesen5b@illinois.edu,3 Mockingbird Trail,
65bfd92bfc13ae34700b2d03,Linkbridge,973-178-7092,jgoodlud5c@taobao.com,200 Mcguire Park,
65bfd92bfc13ae34700b2d04,Avamm,424-228-6555,emiroy5d@nydailynews.com,35 Doe Crossing Court,
65bfd92bfc13ae34700b2d05,Trunyx,474-537-9871,hcorbould5e@xrea.com,8 Warner Street,
65bfd92bfc13ae34700b2d06,Jabbersphere,657-152-3303,mprattington5f@wp.com,91 Red Cloud Street,
65bfd92bfc13ae34700b2d07,Kanoodle,483-509-9366,rorring5g@yolasite.com,4687 Di Loreto Lane,
65bfd92bfc13ae34700b2d08,Skinte,979-411-2391,mdenisot5h@ibm.com,84 Sundown Pass,
65bfd92bfc13ae34700b2d09,Meeveo,725-380-5520,ctethcote5i@pagesperso-orange.fr,7 Cardinal Lane,
65bfd92bfc13ae34700b2d0a,Rhycero,950-443-5241,wvankov5j@amazon.de,2166 Sunbrook Center,
65bfd92bfc13ae34700b2d0b,Zooxo,822-889-2230,eenston5k@redcross.org,7 Maryland Drive,
65bfd92bfc13ae34700b2d0c,Quinu,449-611-3021,draspel5l@wordpress.com,081 Boyd Lane,
65bfd92bfc13ae34700b2d0d,Oyoyo,567-949-3491,lskeat5m@who.int,76 Riverside Street,
65bfd92bfc13ae34700b2d0e,Eimbee,742-194-3921,lbryenton5n@sina.com.cn,81192 Tennyson Avenue,
65bfd92bfc13ae34700b2d0f,Babbleblab,490-980-4198,nyarnold5o@japanpost.jp,45 Lake View Center,
65bfd92bfc13ae34700b2d10,Twimbo,758-430-4308,trosell5p@skype.com,1 Corry Place,
65bfd92bfc13ae34700b2d11,Ntag,466-230-2223,hmatejovsky5q@vkontakte.ru,3 Village Green Place,
65bfd92bfc13ae34700b2d12,Linklinks,852-411-8234,kverralls5r@hud.gov,48 1st Center,
65bfd92bfc13ae34700b2d13,Tazz,261-681-4172,lgarnsey5s@addtoany.com,5 Saint Paul Center,
65bfd92bfc13ae34700b2d14,Wikizz,877-500-1645,rshawley5t@opensource.org,1166 Arapahoe Circle,
65bfd92bfc13ae34700b2d15,Skalith,979-600-4947,mbrumwell5u@usda.gov,54 Larry Circle,
65bfd92bfc13ae34700b2d16,Vidoo,935-656-6603,lkitteridge5v@ifeng.com,6491 Twin Pines Drive,
65bfd92bfc13ae34700b2d17,Tagcat,410-269-7381,rkenneford5w@wordpress.org,8751 Cardinal Parkway,
65bfd92bfc13ae34700b2d18,Agimba,943-987-9693,bcooling5x@wiley.com,7941 Valley Edge Place,
65bfd92bfc13ae34700b2d19,Tekfly,331-125-8309,ncamplen5y@prweb.com,2410 Tennyson Place,
65bfd92bfc13ae34700b2d1a,Edgepulse,248-801-8550,acobello5z@paginegialle.it,36405 Messerschmidt Terrace,
65bfd92bfc13ae34700b2d1b,Quatz,529-568-4377,tvanderkruis60@blogger.com,9175 Cambridge Way,
65bfd92bfc13ae34700b2d1c,Mydo,322-518-2252,mcamolli61@phoca.cz,537 Fordem Trail,
65bfd92bfc13ae34700b2d1d,Shuffletag,666-737-5320,ileyes62@prnewswire.com,670 Lunder Center,
65bfd92bfc13ae34700b2d1e,Topicshots,658-450-2103,breiach63@360.cn,7 Northridge Drive,
65bfd92bfc13ae34700b2d1f,Katz,246-835-7282,jlisamore64@google.es,8059 Rusk Place,
65bfd92bfc13ae34700b2d20,Skinix,648-453-4264,mbeedle65@cafepress.com,02 Clemons Avenue,
65bfd92bfc13ae34700b2d21,Yoveo,316-929-2489,aandrault66@barnesandnoble.com,1499 Eggendart Park,
65bfd92bfc13ae34700b2d22,Livetube,219-788-0546,dmcpherson67@ebay.com,80 Vera Drive,
65bfd92bfc13ae34700b2d23,Vipe,955-412-2010,blavell68@etsy.com,052 Fordem Trail,
65bfd92bfc13ae34700b2d24,Topicware,875-967-2316,wocrigan69@cyberchimps.com,1 Mcbride Trail,
65bfd92bfc13ae34700b2d25,Izio,151-886-2709,kgayle6a@myspace.com,71 Old Shore Park,
65bfd92bfc13ae34700b2d26,Divavu,570-715-4029,dgoodswen6b@phpbb.com,2 Ridge Oak Road,
65bfd92bfc13ae34700b2d27,Divape,669-943-8587,mserjeantson6c@typepad.com,125 Erie Avenue,
65bfd92bfc13ae34700b2d28,Browsezoom,124-375-8063,dbenoey6d@plala.or.jp,038 Trailsway Center,
65bfd92bfc13ae34700b2d29,Devcast,773-897-4221,fkeeffe6e@surveymonkey.com,41022 Jenifer Street,
65bfd92bfc13ae34700b2d2a,Brainverse,526-738-2762,bmerkel6f@blogger.com,51 Mariners Cove Junction,
65bfd92bfc13ae34700b2d2b,Kayveo,822-337-7225,thowgill6g@answers.com,133 Daystar Avenue,
65bfd92bfc13ae34700b2d2c,Feedfire,327-736-4458,ehick6h@apache.org,29 Morningstar Junction,
65bfd92bfc13ae34700b2d2d,Youspan,299-276-3352,ccaville6i@mapy.cz,37 Kensington Terrace,
65bfd92bfc13ae34700b2d2e,Meevee,711-946-9712,hyushachkov6j@unicef.org,43695 Eastwood Street,
65bfd92bfc13ae34700b2d2f,Twitterworks,648-350-6820,cmorrill6k@bandcamp.com,5383 Russell Alley,
65bfd92bfc13ae34700b2d30,Jayo,809-610-1419,fmerrydew6l@nationalgeographic.com,9600 Lindbergh Drive,
65bfd92bfc13ae34700b2d31,Zoonoodle,103-353-9791,stuffey6m@cnbc.com,4 Namekagon Terrace,
65bfd92bfc13ae34700b2d32,Photospace,154-855-9359,fpartington6n@cdbaby.com,3118 Northridge Park,
65bfd92bfc13ae34700b2d33,Skibox,959-196-4806,rmixworthy6o@infoseek.co.jp,217 Bluestem Hill,
65bfd92bfc13ae34700b2d34,Quatz,976-716-9530,zhighnam6p@dmoz.org,70 Bunting Junction,
65bfd92bfc13ae34700b2d35,Katz,771-933-3857,cmcinally6q@chron.com,42 Iowa Crossing,
65bfd92bfc13ae34700b2d36,Skipfire,313-612-9822,lsaill6r@rakuten.co.jp,371 Mesta Road,
65bfd92bfc13ae34700b2d37,Aivee,908-341-8941,gbridywater6s@admin.ch,86 Westerfield Circle,
65bfd92bfc13ae34700b2d38,Wordware,881-956-3432,gvarndell6t@163.com,264 Twin Pines Drive,
65bfd92bfc13ae34700b2d39,Wikido,520-331-2155,toneill6u@icq.com,1972 Old Shore Parkway,
65bfd92bfc13ae34700b2d3a,Skajo,296-767-6395,cbonnett6v@mac.com,656 Maryland Street,
65bfd92bfc13ae34700b2d3b,Devpulse,972-396-3493,jnecrews6w@geocities.jp,59 Golden Leaf Court,
65bfd92bfc13ae34700b2d3c,Jabbersphere,620-781-8340,kdungey6x@foxnews.com,59 Express Trail,
65bfd92bfc13ae34700b2d3d,Oodoo,115-743-3678,alowdes6y@hubpages.com,559 Lindbergh Lane,
65bfd92bfc13ae34700b2d3e,Blogtag,569-607-2337,stomkinson6z@nationalgeographic.com,45 Macpherson Terrace,
65bfd92bfc13ae34700b2d3f,Feedbug,530-188-7519,cpellman70@chicagotribune.com,0991 Barnett Avenue,
65bfd92bfc13ae34700b2d40,Blogspan,226-287-6520,vdomican71@omniture.com,20118 Russell Plaza,
65bfd92bfc13ae34700b2d41,Fanoodle,620-740-3773,dbrooks72@abc.net.au,47 Chive Court,
65bfd92bfc13ae34700b2d42,Brainverse,843-803-4949,wfarlam73@mail.ru,24319 Hazelcrest Crossing,
65bfd92bfc13ae34700b2d43,Mycat,806-749-2186,vfurber74@toplist.cz,8 North Drive,
65bfd92bfc13ae34700b2d44,Dabjam,717-202-9453,mbolus75@feedburner.com,822 Redwing Road,
65bfd92bfc13ae34700b2d45,Miboo,279-132-1645,rdocwra76@intel.com,0 Golf Alley,
65bfd92bfc13ae34700b2d46,Browseblab,205-283-3199,mmassimo77@archive.org,106 Dixon Place,
65bfd92bfc13ae34700b2d47,Vinder,539-498-7065,eblissitt78@npr.org,96 Carioca Avenue,
65bfd92bfc13ae34700b2d48,Skinte,524-212-7119,dspolton79@typepad.com,37962 Bunker Hill Hill,
65bfd92bfc13ae34700b2d49,Pixonyx,649-797-8265,fmolloy7a@odnoklassniki.ru,688 Banding Park,
65bfd92bfc13ae34700b2d4a,Zava,790-830-0009,rmorris7b@spiegel.de,9750 Golf Court,
65bfd92bfc13ae34700b2d4b,Tazz,643-533-4019,sbourtoumieux7c@eventbrite.com,70 Bartelt Lane,
65bfd92bfc13ae34700b2d4c,Yacero,924-274-9300,lheeran7d@ning.com,419 John Wall Street,
65bfd92bfc13ae34700b2d4d,Jaxbean,270-582-7989,cunderdown7e@latimes.com,62840 Loftsgordon Center,
65bfd92bfc13ae34700b2d4e,Fanoodle,559-847-4752,kramard7f@dailymotion.com,44 Old Shore Park,
65bfd92bfc13ae34700b2d4f,Zoovu,519-268-7426,ccrosher7g@si.edu,704 Brentwood Park,
65bfd92bfc13ae34700b2d50,Plajo,830-683-2115,lmcging7h@github.io,9 Bluejay Court,
65bfd92bfc13ae34700b2d51,Fanoodle,383-814-1131,vharrild7i@mapy.cz,5 Bowman Hill,
65bfd92bfc13ae34700b2d52,Browsebug,960-564-7754,zosherrin7j@chron.com,66 Farragut Center,
65bfd92bfc13ae34700b2d53,Skyba,922-333-7748,frevitt7k@amazon.co.uk,7224 Ryan Way,
65bfd92bfc13ae34700b2d54,Topiclounge,334-192-2577,ltrussell7l@yahoo.co.jp,5736 Fisk Pass,
65bfd92bfc13ae34700b2d55,Rhyloo,642-798-3650,sberling7m@youku.com,93 Lotheville Crossing,
65bfd92bfc13ae34700b2d56,Jabbersphere,613-540-8935,mclemot7n@yahoo.co.jp,516 Esch Avenue,
65bfd92bfc13ae34700b2d57,Trilith,531-125-2418,pgoodban7o@webnode.com,0 Brown Hill,
65bfd92bfc13ae34700b2d58,Jabbersphere,415-385-1537,achelnam7p@bandcamp.com,344 David Circle,
65bfd92bfc13ae34700b2d59,Blogspan,898-460-4196,mhasard7q@wsj.com,1 Goodland Plaza,
65bfd92bfc13ae34700b2d5a,Oloo,300-752-4920,lpothergill7r@parallels.com,67 Anderson Road,
65bfd92bfc13ae34700b2d5b,Voomm,405-338-5817,mportinari7s@bizjournals.com,7 Schiller Court,
65bfd92bfc13ae34700b2d5c,Wikibox,767-925-4100,jhathorn7t@cbslocal.com,64995 Luster Lane,
65bfd92bfc13ae34700b2d5d,Talane,854-346-9551,cpero7u@hc360.com,569 Truax Place,
65bfd92bfc13ae34700b2d5e,Rhycero,985-607-8623,ppol7v@mapy.cz,48 Lukken Street,
65bfd92bfc13ae34700b2d5f,Chatterbridge,137-857-7244,mheritege7w@wired.com,7 Johnson Hill,
65bfd92bfc13ae34700b2d60,Eadel,392-885-0278,ccraydon7x@baidu.com,14 Dottie Circle,
65bfd92bfc13ae34700b2d61,Trunyx,472-487-2292,dburnard7y@slate.com,45 Havey Alley,
65bfd92bfc13ae34700b2d62,Chatterpoint,836-241-8400,jfrancescone7z@auda.org.au,150 Crest Line Junction,
65bfd92bfc13ae34700b2d63,Shuffledrive,207-796-4975,gpiche80@usa.gov,55 Beilfuss Court,
65bfd92bfc13ae34700b2d64,Vitz,774-266-0144,mvardey81@google.com.hk,1 Tomscot Hill,
65bfd92bfc13ae34700b2d65,Flashspan,289-307-3078,dsayse82@squidoo.com,69767 Rusk Road,
65bfd92bfc13ae34700b2d66,Voonte,452-894-6212,ecasellas83@gizmodo.com,98 Bunker Hill Crossing,
65bfd92bfc13ae34700b2d67,Topicware,108-819-7413,haldersea84@sun.com,4336 Waxwing Drive,
65bfd92bfc13ae34700b2d68,Photofeed,813-883-7835,givashkin85@liveinternet.ru,195 Corben Drive,
65bfd92bfc13ae34700b2d69,Buzzshare,847-332-6123,byapp86@wunderground.com,95428 Reindahl Court,
65bfd92bfc13ae34700b2d6a,Buzzbean,584-533-2666,dfelderer87@fema.gov,410 Texas Point,
65bfd92bfc13ae34700b2d6b,Jayo,483-336-8896,ntemple88@nba.com,47 Duke Alley,
65bfd92bfc13ae34700b2d6c,Twiyo,419-457-4449,gbreem89@irs.gov,11 Chinook Pass,
65bfd92bfc13ae34700b2d6d,Avaveo,167-720-8528,sorgel8a@nature.com,76 Debs Way,
65bfd92bfc13ae34700b2d6e,Jatri,242-597-5024,mbowstead8b@angelfire.com,6 John Wall Street,
65bfd92bfc13ae34700b2d6f,Lajo,536-374-5713,nyelland8c@joomla.org,85375 Brickson Park Drive,
65bfd92bfc13ae34700b2d70,Dynazzy,413-268-2231,pgormley8d@eventbrite.com,8 Orin Lane,
65bfd92bfc13ae34700b2d71,Wikizz,776-772-2233,cmcguffog8e@instagram.com,5 Fordem Point,
65bfd92bfc13ae34700b2d72,Shufflester,196-534-7148,kkleinert8f@slashdot.org,5677 Transport Point,
65bfd92bfc13ae34700b2d73,Gigabox,361-102-3590,wjori8g@deliciousdays.com,0498 Stone Corner Lane,
65bfd92bfc13ae34700b2d74,Photobug,736-133-6182,smarczyk8h@hao123.com,1527 Oxford Point,
65bfd92bfc13ae34700b2d75,Agimba,389-543-4425,agendrich8i@spiegel.de,8 Welch Parkway,
65bfd92bfc13ae34700b2d76,Jabbersphere,943-963-5863,rplewes8j@twitter.com,768 John Wall Point,
65bfd92bfc13ae34700b2d77,Photobug,810-239-7265,acubbit8k@abc.net.au,7793 Green Court,
65bfd92bfc13ae34700b2d78,Dabshots,591-126-7075,ntink8l@google.es,092 Spenser Parkway,
65bfd92bfc13ae34700b2d79,Photobug,329-863-9220,tmckeveney8m@latimes.com,7303 Graceland Plaza,
65bfd92bfc13ae34700b2d7a,Dabtype,126-327-2290,mblown8n@zimbio.com,38388 Delladonna Plaza,
65bfd92bfc13ae34700b2d7b,Mudo,380-344-9337,aorlton8o@pcworld.com,3 Scoville Avenue,
65bfd92bfc13ae34700b2d7c,Realfire,987-239-7852,csavaage8p@ameblo.jp,0 Mesta Crossing,
65bfd92bfc13ae34700b2d7d,Edgepulse,754-191-9604,eeynald8q@tinypic.com,8 Troy Street,
65bfd92bfc13ae34700b2d7e,Nlounge,421-413-1898,bboardman8r@github.com,1 Cottonwood Plaza,
65bfd92bfc13ae34700b2d7f,Avaveo,840-941-5574,ybraddon8s@feedburner.com,6089 Manufacturers Pass,
65bfd92bfc13ae34700b2d80,Quaxo,509-277-4351,lbromby8t@dropbox.com,95 1st Place,
65bfd92bfc13ae34700b2d81,Jetwire,173-366-7496,emordan8u@unicef.org,5 Bluejay Place,
65bfd92bfc13ae34700b2d82,Livetube,715-250-8125,cstrickland8v@seesaa.net,6 Clarendon Pass,
65bfd92bfc13ae34700b2d83,Skaboo,270-974-7702,mwoodroffe8w@businesswire.com,3 Michigan Parkway,
65bfd92bfc13ae34700b2d84,Katz,276-108-8662,kedlestone8x@cam.ac.uk,4 Killdeer Terrace,
65bfd92bfc13ae34700b2d85,Npath,880-762-1075,fchavez8y@hud.gov,34 Rutledge Parkway,
65bfd92bfc13ae34700b2d86,Thoughtworks,529-481-9523,shingeley8z@yahoo.com,7855 Coolidge Junction,
65bfd92bfc13ae34700b2d87,Viva,536-396-3190,ssemens90@amazon.com,0 Merrick Hill,
65bfd92bfc13ae34700b2d88,Feednation,907-715-8123,fbock91@hostgator.com,5 Sugar Parkway,
65bfd92bfc13ae34700b2d89,Dynava,113-519-1002,ogurnay92@dailymotion.com,83648 Dwight Alley,
65bfd92bfc13ae34700b2d8a,Ntag,118-340-3073,fkobsch93@tripadvisor.com,5772 Bluestem Crossing,
65bfd92bfc13ae34700b2d8b,Meezzy,850-723-9509,roattes94@tripadvisor.com,68053 Ridgeview Pass,
65bfd92bfc13ae34700b2d8c,Realfire,379-659-1910,mpohling95@gnu.org,2885 Columbus Crossing,
65bfd92bfc13ae34700b2d8d,Chatterbridge,982-557-5077,jcrosen96@a8.net,464 Leroy Road,
65bfd92bfc13ae34700b2d8e,Zoombox,331-106-5611,jkitlee97@is.gd,55857 Kenwood Avenue,
65bfd92bfc13ae34700b2d8f,Jaxbean,406-311-6836,jshadrack98@chron.com,7 Kenwood Parkway,
65bfd92bfc13ae34700b2d90,Rhyloo,901-257-4489,cgreenhow99@wired.com,20 Hallows Circle,
65bfd92bfc13ae34700b2d91,Brainlounge,118-414-2613,smclanaghan9a@archive.org,31483 Briar Crest Point,
65bfd92bfc13ae34700b2d92,Voonix,841-521-4786,khindrick9b@ocn.ne.jp,5 Sullivan Terrace,
65bfd92bfc13ae34700b2d93,Wikido,104-620-9727,aminero9c@soundcloud.com,19 Ramsey Drive,
65bfd92bfc13ae34700b2d94,Janyx,743-800-6534,lsowood9d@ocn.ne.jp,143 Heath Avenue,
65bfd92bfc13ae34700b2d95,Browsebug,352-947-7534,gmallett9e@gnu.org,066 Harper Drive,
65bfd92bfc13ae34700b2d96,Jetwire,985-735-1086,kbrabban9f@google.es,0 Anzinger Way,
65bfd92bfc13ae34700b2d97,Kayveo,136-746-4488,asilcocks9g@nymag.com,7265 Dottie Point,
65bfd92bfc13ae34700b2d98,Thoughtworks,463-296-7431,lgammell9h@a8.net,8 Algoma Plaza,
65bfd92bfc13ae34700b2d99,Rhybox,471-968-1286,rmcilwain9i@census.gov,689 Crescent Oaks Way,
65bfd92bfc13ae34700b2d9a,Oozz,950-990-1205,sannice9j@mayoclinic.com,0942 Dahle Road,
65bfd92bfc13ae34700b2d9b,Meevee,575-704-2916,lbater9k@shinystat.com,04 Everett Circle,
65bfd92bfc13ae34700b2d9c,Rhynyx,492-598-8659,hnormanville9l@ow.ly,425 Orin Park,
65bfd92bfc13ae34700b2d9d,Leenti,979-625-5718,smeredith9m@army.mil,3356 Moose Point,
65bfd92bfc13ae34700b2d9e,Devshare,115-727-0483,lscorey9n@smugmug.com,76 Park Meadow Circle,
65bfd92bfc13ae34700b2d9f,Edgeblab,390-934-5770,hcolleran9o@hp.com,55 Moland Alley,
65bfd92bfc13ae34700b2da0,Jetwire,770-429-2272,qgullyes9p@wordpress.com,03578 Esker Parkway,
65bfd92bfc13ae34700b2da1,Vitz,802-601-9443,jdiggins9q@unblog.fr,4870 Northfield Junction,
65bfd92bfc13ae34700b2da2,Voonix,823-266-7538,scage9r@xinhuanet.com,4 International Road,
65bfd92bfc13ae34700b2da3,Camimbo,131-440-2324,opimme9s@businesswire.com,86895 Sherman Avenue,
65bfd92bfc13ae34700b2da4,Jaloo,397-883-1092,aheijne9t@ifeng.com,9673 Mockingbird Circle,
65bfd92bfc13ae34700b2da5,Yakidoo,332-504-2405,fbisson9u@google.pl,5995 Cottonwood Point,
65bfd92bfc13ae34700b2da6,Buzzdog,540-189-5700,gsuller9v@aboutads.info,41 Paget Road,
65bfd92bfc13ae34700b2da7,Yotz,491-422-2444,brozet9w@facebook.com,285 Westerfield Plaza,
65bfd92bfc13ae34700b2da8,Quinu,101-795-2827,idarwin9x@wunderground.com,3 Pennsylvania Parkway,
65bfd92bfc13ae34700b2da9,Yakitri,692-809-3681,medlyn9y@illinois.edu,4 Buhler Junction,
65bfd92bfc13ae34700b2daa,Dabjam,991-788-4148,gcornilli9z@gravatar.com,22 7th Alley,
65bfd92bfc13ae34700b2dab,Gabspot,399-721-0184,zoleshunina0@boston.com,6 Sommers Court,
65bfd92bfc13ae34700b2dac,Mudo,469-843-2687,pgeraldoa1@sakura.ne.jp,9 Old Shore Road,
65bfd92bfc13ae34700b2dad,Oyonder,153-362-6027,fproscha2@tinypic.com,40 Sommers Plaza,
65bfd92bfc13ae34700b2dae,Livetube,640-244-1960,larleta3@buzzfeed.com,9 Dwight Pass,
65bfd92bfc13ae34700b2daf,Voomm,420-846-9299,rtrelevana4@icio.us,61 Bashford Park,
65bfd92bfc13ae34700b2db0,Skippad,813-189-4293,djealousa5@facebook.com,48 Hagan Drive,
65bfd92bfc13ae34700b2db1,Flashdog,528-596-4610,jhelkina6@baidu.com,162 Burning Wood Pass,
65bfd92bfc13ae34700b2db2,Yata,515-295-8443,aallabartona7@slashdot.org,8 Mayer Point,
65bfd92bfc13ae34700b2db3,Photobean,259-878-5984,ddibena8@hibu.com,6 Knutson Hill,
65bfd92bfc13ae34700b2db4,Flashpoint,682-763-4099,gsancheza9@nymag.com,671 Hovde Circle,
65bfd92bfc13ae34700b2db5,Fadeo,685-495-6454,efairbridgeaa@toplist.cz,6462 Steensland Lane,
65bfd92bfc13ae34700b2db6,Eare,184-521-8043,rbartolacciab@spiegel.de,92 Bluestem Parkway,
65bfd92bfc13ae34700b2db7,Eamia,405-603-2448,eonowlanac@squarespace.com,2116 Golf Park,
65bfd92bfc13ae34700b2db8,Tagopia,828-176-7437,dmacilwrickad@fema.gov,76693 Macpherson Terrace,
65bfd92bfc13ae34700b2db9,Kwilith,409-580-6125,aplowsae@oakley.com,368 Goodland Point,
65bfd92bfc13ae34700b2dba,Mydo,847-427-7592,pbetonaf@w3.org,05929 5th Place,
65bfd92bfc13ae34700b2dbb,Mynte,720-910-7012,cbortonag@illinois.edu,27813 Cottonwood Parkway,
65bfd92bfc13ae34700b2dbc,Avavee,474-530-5920,lgrizardah@issuu.com,668 Katie Way,
65bfd92bfc13ae34700b2dbd,Oyope,274-722-7445,cogglebieai@jigsy.com,1 Meadow Valley Alley,
65bfd92bfc13ae34700b2dbe,Realcube,719-653-5643,lsollemeaj@nature.com,998 Gale Pass,
65bfd92bfc13ae34700b2dbf,Yakidoo,828-478-2120,afeehanak@google.de,58 Corben Park,
65bfd92bfc13ae34700b2dc0,Yambee,354-512-8469,jshuardal@blog.com,6 Logan Place,
65bfd92bfc13ae34700b2dc1,LiveZ,846-165-3187,kjuhrukeam@devhub.com,25777 Briar Crest Terrace,
65bfd92bfc13ae34700b2dc2,Shuffletag,214-236-8474,tbodimeadean@soup.io,4278 Oakridge Court,
65bfd92bfc13ae34700b2dc3,Kwideo,421-887-8496,nciardoao@theglobeandmail.com,64107 Pond Way,
65bfd92bfc13ae34700b2dc4,Tambee,207-151-6733,hbroaderap@accuweather.com,85 Mesta Point,
65bfd92bfc13ae34700b2dc5,Topicblab,353-663-4996,kleyreaq@pagesperso-orange.fr,9372 Novick Road,
65bfd92bfc13ae34700b2dc6,Blogspan,109-390-5724,nrapoar@instagram.com,27 Texas Park,
65bfd92bfc13ae34700b2dc7,Voonte,934-173-5924,spollakas@reuters.com,80 Fremont Pass,
65bfd92bfc13ae34700b2dc8,Camimbo,445-838-7650,scullingfordat@hexun.com,64045 Mcbride Drive,
65bfd92bfc13ae34700b2dc9,Divape,994-690-3847,rrubertelliau@npr.org,0154 Ridge Oak Drive,
65bfd92bfc13ae34700b2dca,Brainsphere,333-211-2735,jhollyardav@blogger.com,70 Bay Court,
65bfd92bfc13ae34700b2dcb,Jayo,260-202-4260,pcuxsonaw@patch.com,9095 Muir Avenue,
65bfd92bfc13ae34700b2dcc,Fatz,582-379-1152,apryellax@last.fm,5 Fair Oaks Pass,
65bfd92bfc13ae34700b2dcd,Dabtype,996-858-2548,mkelceyay@furl.net,6063 Del Sol Pass,
65bfd92bfc13ae34700b2dce,Fadeo,128-579-6833,smarplesaz@hp.com,242 Manitowish Drive,
65bfd92bfc13ae34700b2dcf,Thoughtbridge,344-254-8112,gtironeb0@myspace.com,014 Autumn Leaf Avenue,
65bfd92bfc13ae34700b2dd0,Bubblebox,948-414-9654,pbyrneb1@rambler.ru,4352 Spohn Circle,
65bfd92bfc13ae34700b2dd1,Kwinu,614-154-5779,gdeeginb2@smugmug.com,434 Merchant Crossing,
65bfd92bfc13ae34700b2dd2,Photobug,530-829-0638,npaulerb3@cdbaby.com,42 Golden Leaf Trail,
65bfd92bfc13ae34700b2dd3,Gabcube,620-711-2127,ksleightb4@qq.com,1556 Hoard Court,
65bfd92bfc13ae34700b2dd4,Jabberbean,494-269-5134,mscandrettb5@google.ca,9 Grover Lane,
65bfd92bfc13ae34700b2dd5,Twitterlist,313-471-7099,bbriatb6@bloglovin.com,38 Acker Crossing,
65bfd92bfc13ae34700b2dd6,Twitterlist,213-128-9656,gspirab7@51.la,39 Tony Crossing,
65bfd92bfc13ae34700b2dd7,Jabbersphere,783-530-3664,jdebiaggib8@wunderground.com,0459 Oak Circle,
65bfd92bfc13ae34700b2dd8,Zoomcast,718-467-6946,dhirsthouseb9@oakley.com,4377 Delladonna Court,
65bfd92bfc13ae34700b2dd9,Quire,292-653-7736,rislipba@is.gd,1082 Goodland Parkway,
65bfd92bfc13ae34700b2dda,Livepath,674-312-2158,lheinobb@google.co.jp,75 East Hill,
65bfd92bfc13ae34700b2ddb,Flashpoint,883-755-6735,bfaircliffbc@ted.com,0 Dottie Parkway,
65bfd92bfc13ae34700b2ddc,Ailane,541-792-9737,shagardbd@constantcontact.com,630 Quincy Park,
65bfd92bfc13ae34700b2ddd,Tagchat,232-333-1645,rallmenbe@ustream.tv,29 Harper Street,
65bfd92bfc13ae34700b2dde,Yacero,574-576-2354,lomohunbf@google.pl,7939 Quincy Drive,
65bfd92bfc13ae34700b2ddf,Kazu,906-457-7330,vscardifeildbg@networksolutions.com,436 Waubesa Drive,
65bfd92bfc13ae34700b2de0,Aimbu,876-936-6994,asuthworthbh@eepurl.com,5645 Center Center,
65bfd92bfc13ae34700b2de1,Devpoint,993-195-1469,fmckeggiebi@blogger.com,03 Clemons Plaza,
65bfd92bfc13ae34700b2de2,Yotz,153-225-7493,msambedgebj@engadget.com,5179 Bunker Hill Parkway,
65bfd92bfc13ae34700b2de3,Rhynyx,342-389-4296,mellwellbk@unblog.fr,945 Heath Crossing,
65bfd92bfc13ae34700b2de4,Dynabox,115-242-4082,mgilluleybl@lulu.com,586 Mcbride Way,
65bfd92bfc13ae34700b2de5,Feedspan,154-635-6054,cmarqyesbm@livejournal.com,95845 Victoria Drive,
65bfd92bfc13ae34700b2de6,Agimba,265-265-9299,caidlerbn@newyorker.com,767 Toban Pass,
65bfd92bfc13ae34700b2de7,Kanoodle,457-275-4656,mvisickbo@youku.com,592 Pankratz Road,
65bfd92bfc13ae34700b2de8,Meetz,135-242-2379,pyolebp@desdev.cn,55783 Westport Pass,
65bfd92bfc13ae34700b2de9,Dabtype,854-135-4697,ddenslowbq@live.com,1 Bluejay Hill,
65bfd92bfc13ae34700b2dea,Rhycero,733-463-0999,lfrickerbr@rediff.com,56 Buell Junction,
65bfd92bfc13ae34700b2deb,Twitterbridge,774-548-2096,gciccobs@geocities.com,0186 Arrowood Terrace,
65bfd92bfc13ae34700b2dec,Zooxo,406-212-7847,rfilerbt@ucsd.edu,42 North Parkway,
65bfd92bfc13ae34700b2ded,Izio,972-329-8274,kroskrugbu@salon.com,69447 Fairview Parkway,
65bfd92bfc13ae34700b2dee,Tazzy,379-153-4472,dheakerbv@wix.com,0 Rigney Place,
65bfd92bfc13ae34700b2def,Babbleset,380-846-8904,fmatitiahobw@rediff.com,292 Shasta Parkway,
65bfd92bfc13ae34700b2df0,Skaboo,614-957-4926,scurlessbx@geocities.jp,99471 Sage Trail,
65bfd92bfc13ae34700b2df1,Zoonder,743-625-9554,astoresby@blogs.com,42 Manley Crossing,
65bfd92bfc13ae34700b2df2,Edgetag,384-635-3674,lreckebz@artisteer.com,278 Anthes Crossing,
65bfd92bfc13ae34700b2df3,Aibox,866-725-0895,fkenchingtonc0@rakuten.co.jp,4 Miller Trail,
65bfd92bfc13ae34700b2df4,Oyoyo,172-202-7631,ttitcomc1@ebay.co.uk,40 Southridge Trail,
65bfd92bfc13ae34700b2df5,Jazzy,369-486-6931,lplumptrec2@biblegateway.com,78687 Hanover Road,
65bfd92bfc13ae34700b2df6,Eidel,691-864-0937,sjouannissonc3@etsy.com,881 Orin Plaza,
65bfd92bfc13ae34700b2df7,Devshare,469-528-6403,senrichc4@disqus.com,47853 Messerschmidt Center,
65bfd92bfc13ae34700b2df8,Kwilith,775-678-5394,bstiegarc5@goodreads.com,7027 American Plaza,
65bfd92bfc13ae34700b2df9,Edgeify,824-342-5615,swiddowfieldc6@earthlink.net,7889 Corry Terrace,
65bfd92bfc13ae34700b2dfa,Tagpad,379-758-0714,obirkheadc7@dion.ne.jp,5 Lukken Parkway,
65bfd92bfc13ae34700b2dfb,Skyble,306-654-3639,araveauc8@qq.com,9 Erie Place,
65bfd92bfc13ae34700b2dfc,Oyope,306-352-5273,ngoodbarc9@scribd.com,02 Division Way,
65bfd92bfc13ae34700b2dfd,Jayo,413-876-9339,fhugillca@loc.gov,7676 Carpenter Circle,
65bfd92bfc13ae34700b2dfe,Edgeclub,966-344-0789,fingecb@mapy.cz,00 Sachtjen Lane,
65bfd92bfc13ae34700b2dff,Jamia,716-550-6148,estrugnellcc@umn.edu,1 Starling Plaza,
65bfd92bfc13ae34700b2e00,Yakitri,683-412-2425,adellabbatecd@wiley.com,7 Milwaukee Court,
65bfd92bfc13ae34700b2e01,Brainverse,104-287-7951,karonsonce@mediafire.com,0216 Meadow Valley Circle,
65bfd92bfc13ae34700b2e02,Jabberstorm,724-875-3457,dpowercf@mediafire.com,78727 Ronald Regan Circle,
65bfd92bfc13ae34700b2e03,Jaloo,908-722-6028,mloutheanecg@reference.com,7 Forster Avenue,
65bfd92bfc13ae34700b2e04,Jayo,702-692-4615,kwormellch@creativecommons.org,0308 Katie Junction,
65bfd92bfc13ae34700b2e05,Jabberstorm,249-615-9226,jlaightci@cornell.edu,9514 Portage Parkway,
65bfd92bfc13ae34700b2e06,Skinte,913-895-3873,wdehavencj@slideshare.net,455 Reindahl Place,
65bfd92bfc13ae34700b2e07,Yambee,614-950-4668,bcahanick@flickr.com,34734 Loeprich Parkway,
65bfd92bfc13ae34700b2e08,Zoozzy,331-403-2367,atommaseocl@geocities.jp,3 Pond Terrace,
65bfd92bfc13ae34700b2e09,Flashdog,205-310-8359,nchafneycm@meetup.com,150 Briar Crest Hill,
65bfd92bfc13ae34700b2e0a,Topicshots,656-543-9065,lcabelcn@slate.com,8798 Lakeland Plaza,
65bfd92bfc13ae34700b2e0b,Innojam,745-886-6674,rtibbco@zdnet.com,132 Kipling Trail,
65bfd92bfc13ae34700b2e0c,Brainbox,415-615-9762,cbuffhamcp@cdbaby.com,90 Lakewood Gardens Circle,
65bfd92bfc13ae34700b2e0d,Skippad,842-734-7308,crushsorthcq@wsj.com,55 Nobel Terrace,
65bfd92bfc13ae34700b2e0e,Jaxworks,141-741-1449,drowthcr@elegantthemes.com,3520 Farwell Point,
65bfd92bfc13ae34700b2e0f,Bubblemix,964-506-8383,cbeamscs@tumblr.com,46369 Crest Line Circle,
65bfd92bfc13ae34700b2e10,Teklist,140-883-5711,ljanickict@smugmug.com,99908 Hagan Road,
65bfd92bfc13ae34700b2e11,Talane,264-896-8921,msneydcu@joomla.org,41610 Jana Drive,
65bfd92bfc13ae34700b2e12,Chatterbridge,556-307-4322,bmcclymontcv@smh.com.au,68982 Roth Hill,
65bfd92bfc13ae34700b2e13,Kare,705-654-6632,zmiddlemasscw@businessinsider.com,91 Debra Way,
65bfd92bfc13ae34700b2e14,Skilith,741-836-3354,lklampcx@rediff.com,897 Sundown Parkway,
65bfd92bfc13ae34700b2e15,Cogidoo,551-971-0354,tkybirdcy@twitpic.com,5415 Sundown Avenue,
65bfd92bfc13ae34700b2e16,Jabbersphere,959-902-6911,alorencz@cbc.ca,3 Brickson Park Crossing,
65bfd92bfc13ae34700b2e17,Zoonder,896-679-0374,gellermand0@gnu.org,95965 Cordelia Plaza,
65bfd92bfc13ae34700b2e18,Katz,993-654-2002,aglencrosd1@home.pl,86896 Crescent Oaks Alley,
65bfd92bfc13ae34700b2e19,Voolith,942-181-3116,jcecered2@harvard.edu,4 Cordelia Court,
65bfd92bfc13ae34700b2e1a,Browsezoom,428-628-3649,mkeithd3@vistaprint.com,8513 Straubel Way,
65bfd92bfc13ae34700b2e1b,Quatz,887-499-2594,klimprechtd4@ucsd.edu,63896 Marcy Road,
65bfd92bfc13ae34700b2e1c,Bubblebox,150-227-4399,wdeboickd5@github.io,0 Talmadge Junction,
65bfd92bfc13ae34700b2e1d,Demivee,807-218-3293,wneljesd6@patch.com,6 Cherokee Pass,
65bfd92bfc13ae34700b2e1e,Flashset,488-201-8128,sdrakersd7@springer.com,10 Sloan Way,
65bfd92bfc13ae34700b2e1f,Zoombox,696-453-7984,jeslingerd8@google.com,81183 Bluejay Junction,
65bfd92bfc13ae34700b2e20,Livetube,122-853-8941,jgarrattleyd9@toplist.cz,75605 Riverside Parkway,
65bfd92bfc13ae34700b2e21,Eare,205-201-7014,atrivettda@livejournal.com,316 Merry Drive,
65bfd92bfc13ae34700b2e22,Tagtune,167-300-3744,dcolindb@qq.com,4809 Stuart Crossing,
65bfd92bfc13ae34700b2e23,Flashspan,862-556-4076,tcottilldc@hc360.com,0384 Blue Bill Park Place,
65bfd92bfc13ae34700b2e24,Youbridge,702-414-6247,mjagelsdd@amazon.com,1628 Bultman Point,
65bfd92bfc13ae34700b2e25,Abata,830-802-9699,bbenboughde@usa.gov,95961 Saint Paul Alley,
65bfd92bfc13ae34700b2e26,Kazu,159-116-5199,tdrydendf@foxnews.com,00176 Sauthoff Circle,
65bfd92bfc13ae34700b2e27,Yotz,904-404-2860,erewcastledg@last.fm,004 Bobwhite Park,
65bfd92bfc13ae34700b2e28,Rhyloo,785-309-2282,rblantdh@nps.gov,9343 Columbus Court,
65bfd92bfc13ae34700b2e29,Photobug,727-166-6439,icurreydi@imageshack.us,4 Porter Junction,
65bfd92bfc13ae34700b2e2a,Skipstorm,158-340-2334,gdupreydj@discovery.com,821 Sheridan Alley,
65bfd92bfc13ae34700b2e2b,LiveZ,327-526-6714,hadamodk@umich.edu,62 Westerfield Lane,
65bfd92bfc13ae34700b2e2c,Tazz,636-765-1419,cpavekdl@columbia.edu,474 Sommers Crossing,
65bfd92bfc13ae34700b2e2d,Quimba,445-170-3238,cbatalledm@quantcast.com,67380 Burrows Parkway,
65bfd92bfc13ae34700b2e2e,Chatterbridge,943-150-4138,wharbertsondn@sfgate.com,93661 7th Terrace,
65bfd92bfc13ae34700b2e2f,Twitterbeat,532-299-1183,predmiredo@pbs.org,688 North Center,
65bfd92bfc13ae34700b2e30,JumpXS,750-154-8324,hstribblingdp@posterous.com,6696 Lindbergh Trail,
65bfd92bfc13ae34700b2e31,Skajo,358-385-6335,lwaldrendq@goo.gl,1 Sherman Avenue,
65bfd92bfc13ae34700b2e32,Ozu,270-698-9470,vtallentdr@com.com,633 Scott Road,
65bfd92bfc13ae34700b2e33,Cogidoo,160-237-9031,fbotterellds@netscape.com,32787 Ridgeway Way,
65bfd92bfc13ae34700b2e34,Eire,946-430-7125,nmcginlydt@barnesandnoble.com,8040 Spohn Road,
65bfd92bfc13ae34700b2e35,Mycat,666-852-2394,chuggondu@cbslocal.com,2404 Moose Terrace,
65bfd92bfc13ae34700b2e36,Jaxspan,675-326-5659,kswallowdv@pinterest.com,12065 Hanover Avenue,
65bfd92bfc13ae34700b2e37,Realbridge,867-687-7451,dwaterworthdw@google.ca,961 Parkside Alley,
65bfd92bfc13ae34700b2e38,Livepath,264-557-4684,braithdx@marketwatch.com,4414 Ridgeway Place,
65bfd92bfc13ae34700b2e39,Fadeo,921-949-3399,cbrunstandy@webnode.com,00 Arkansas Point,
65bfd92bfc13ae34700b2e3a,Gabvine,659-140-8160,nalthorpedz@posterous.com,3318 Troy Place,
65bfd92bfc13ae34700b2e3b,Thoughtbridge,188-896-2829,astlouise0@blogger.com,45041 Hallows Street,
65bfd92bfc13ae34700b2e3c,Twinte,808-641-9582,mgerlere1@jugem.jp,0 Kim Junction,
65bfd92bfc13ae34700b2e3d,Divanoodle,194-174-0437,msouthernse2@geocities.jp,3133 Corscot Drive,
65bfd92bfc13ae34700b2e3e,Shufflebeat,237-886-6072,haspraye3@toplist.cz,5 Gina Hill,
65bfd92bfc13ae34700b2e3f,Kayveo,830-654-6113,dseifferte4@pcworld.com,08 Sloan Drive,
65bfd92bfc13ae34700b2e40,Geba,990-436-1211,rkeppye5@51.la,452 Summer Ridge Circle,
65bfd92bfc13ae34700b2e41,Shuffledrive,546-232-3803,oproppere6@booking.com,7334 Everett Parkway,
65bfd92bfc13ae34700b2e42,Yodoo,633-695-0870,abatemane7@multiply.com,61 Arrowood Junction,
65bfd92bfc13ae34700b2e43,Topdrive,808-712-8156,alazere8@gov.uk,7 Saint Paul Point,
65bfd92bfc13ae34700b2e44,Nlounge,749-982-2421,leime9@businessinsider.com,8142 Vermont Place,
65bfd92bfc13ae34700b2e45,Zoombox,914-136-6256,nbirtleea@msu.edu,18209 Spenser Circle,
65bfd92bfc13ae34700b2e46,Vidoo,905-918-7907,ktumeltyeb@google.pl,0 Talmadge Point,
65bfd92bfc13ae34700b2e47,Podcat,502-264-4750,mbisphamec@discuz.net,467 Meadow Ridge Avenue,
65bfd92bfc13ae34700b2e48,Avamm,274-662-8351,njerzykiewiczed@bbc.co.uk,7648 Blue Bill Park Trail,
65bfd92bfc13ae34700b2e49,Yakidoo,708-261-2250,ideavenellee@netscape.com,90256 Thompson Lane,
65bfd92bfc13ae34700b2e4a,Aibox,394-724-8054,tmetzingef@gov.uk,06 Acker Circle,
65bfd92bfc13ae34700b2e4b,Youspan,260-536-6728,hizzardeg@webeden.co.uk,6 Main Park,
65bfd92bfc13ae34700b2e4c,Edgeblab,739-698-8187,mbohlingeh@mozilla.com,76 Becker Park,
65bfd92bfc13ae34700b2e4d,Omba,503-168-8211,jgrovesei@people.com.cn,649 West Place,
65bfd92bfc13ae34700b2e4e,Twinte,405-335-3546,fschankelej@elegantthemes.com,54 Milwaukee Road,
65bfd92bfc13ae34700b2e4f,Linktype,775-323-6982,jminichilloek@yelp.com,379 Grayhawk Street,
65bfd92bfc13ae34700b2e50,Fiveclub,973-362-0043,kcunniamel@w3.org,32 Scott Hill,
65bfd92bfc13ae34700b2e51,Omba,208-713-5355,anicholsem@weibo.com,156 Cambridge Place,
65bfd92bfc13ae34700b2e52,Jetwire,803-155-6034,tchurchyarden@hhs.gov,931 Sunnyside Street,
65bfd92bfc13ae34700b2e53,Geba,387-516-9295,gsifleeteo@vkontakte.ru,0987 Nancy Circle,
65bfd92bfc13ae34700b2e54,Kamba,622-134-7051,lmaccaheeep@cornell.edu,98018 Russell Street,
65bfd92bfc13ae34700b2e55,Kwinu,938-225-5875,dblodgettseq@pinterest.com,1169 Gulseth Alley,
65bfd92bfc13ae34700b2e56,Shuffletag,989-408-9295,kandrinier@wordpress.com,112 Bellgrove Center,
65bfd92bfc13ae34700b2e57,Tazzy,141-289-9138,rhenlones@about.me,866 Eagan Park,
65bfd92bfc13ae34700b2e58,Brainverse,453-393-0872,ssnareet@flavors.me,63 Ruskin Avenue,
65bfd92bfc13ae34700b2e59,Feedbug,901-494-5061,esimondsoneu@networksolutions.com,1 Ohio Center,
65bfd92bfc13ae34700b2e5a,Photospace,315-383-8056,ckenworthev@istockphoto.com,3831 Eastlawn Avenue,
65bfd92bfc13ae34700b2e5b,Edgetag,197-364-4409,kgarterew@theatlantic.com,0326 Sugar Center,
65bfd92bfc13ae34700b2e5c,Plambee,963-441-2716,shyldenex@tuttocitta.it,38 Oakridge Hill,
65bfd92bfc13ae34700b2e5d,Avaveo,811-521-1761,vshmyrey@wp.com,4 Ridge Oak Center,
65bfd92bfc13ae34700b2e5e,Mudo,328-903-9238,eoliviez@unc.edu,644 Northland Pass,
65bfd92bfc13ae34700b2e5f,Oyonder,675-612-3830,gdiprosef0@photobucket.com,1 Union Hill,
65bfd92bfc13ae34700b2e60,Vidoo,493-332-6829,mcradduckf1@comsenz.com,3411 2nd Pass,
65bfd92bfc13ae34700b2e61,Twiyo,979-495-9491,lgaffneyf2@yandex.ru,81227 Stone Corner Point,
65bfd92bfc13ae34700b2e62,Kamba,183-596-4707,jlenoiref3@mysql.com,82 Mccormick Road,
65bfd92bfc13ae34700b2e63,Devify,774-493-8936,aferraronf4@flickr.com,916 Wayridge Circle,
65bfd92bfc13ae34700b2e64,Centizu,298-122-4055,mrubif5@tripod.com,44 Elgar Road,
65bfd92bfc13ae34700b2e65,Chatterpoint,136-367-8829,fshepleyf6@fema.gov,74463 Tony Parkway,
65bfd92bfc13ae34700b2e66,Vinte,257-247-7119,bmillsomf7@goo.ne.jp,676 Mallard Place,
65bfd92bfc13ae34700b2e67,Quimba,145-895-0682,etattersfieldf8@canalblog.com,71 Birchwood Road,
65bfd92bfc13ae34700b2e68,Voonyx,274-462-6314,lmulderrigf9@ovh.net,56099 Melrose Court,
65bfd92bfc13ae34700b2e69,JumpXS,328-965-4243,ehassettfa@storify.com,0 Nevada Junction,
65bfd92bfc13ae34700b2e6a,Mynte,601-717-3648,jsturridgefb@army.mil,07 Utah Point,
65bfd92bfc13ae34700b2e6b,Vitz,787-771-3878,htremberthfc@twitter.com,69 Gateway Center,
65bfd92bfc13ae34700b2e6c,Mymm,394-628-0787,gdomenicofd@sbwire.com,3459 Clemons Way,
65bfd92bfc13ae34700b2e6d,Abata,787-792-8385,cgarradfe@joomla.org,0319 Grayhawk Drive,
65bfd92bfc13ae34700b2e6e,Skipstorm,368-304-6025,cbuckleeff@bravesites.com,4913 Schurz Place,
65bfd92bfc13ae34700b2e6f,Realcube,713-492-3790,crobeirofg@ted.com,3 Rowland Parkway,
65bfd92bfc13ae34700b2e70,Flashpoint,658-454-5545,sledwichfh@xinhuanet.com,38719 Farwell Place,
65bfd92bfc13ae34700b2e71,Camimbo,841-294-2094,ahowleyfi@adobe.com,8 Red Cloud Drive,
65bfd92bfc13ae34700b2e72,Pixonyx,364-518-7091,btackettfj@ebay.com,85 Monica Center,
65bfd92bfc13ae34700b2e73,Ntag,787-404-7342,mmacmurrayfk@google.ru,40 Garrison Center,
65bfd92bfc13ae34700b2e74,Voomm,789-181-0248,rwestmacottfl@yolasite.com,74 Towne Circle,
65bfd92bfc13ae34700b2e75,Camimbo,230-350-6134,ascolesfm@dropbox.com,86 Eastwood Place,
65bfd92bfc13ae34700b2e76,Twimbo,961-591-4317,vdobiefn@harvard.edu,86232 Lukken Pass,
65bfd92bfc13ae34700b2e77,Realcube,622-964-2399,ethorpfo@google.cn,35 Namekagon Pass,
65bfd92bfc13ae34700b2e78,Skimia,467-121-6484,smercikfp@nhs.uk,733 Red Cloud Lane,
65bfd92bfc13ae34700b2e79,Feedspan,636-937-2873,jmatzelfq@odnoklassniki.ru,1 Drewry Center,
65bfd92bfc13ae34700b2e7a,Trilith,390-381-7871,zmeierfr@ox.ac.uk,6837 Acker Place,
65bfd92bfc13ae34700b2e7b,Skajo,560-203-3098,gdeckerfs@disqus.com,8 Lukken Road,
65bfd92bfc13ae34700b2e7c,Pixoboo,880-193-4447,bguarinft@unc.edu,11457 Loomis Pass,
65bfd92bfc13ae34700b2e7d,Topiczoom,782-472-8359,mrawnefu@gmpg.org,3 Westend Parkway,
65bfd92bfc13ae34700b2e7e,Yadel,615-916-1715,tjouanninfv@rakuten.co.jp,0066 Corry Road,
65bfd92bfc13ae34700b2e7f,Jabbersphere,768-887-0817,ldemalcharfw@msu.edu,85 Hollow Ridge Park,
65bfd92bfc13ae34700b2e80,Browsedrive,883-866-0882,fcauldfieldfx@newsvine.com,90 Main Terrace,
65bfd92bfc13ae34700b2e81,Oyope,479-147-9167,cbummfreyfy@constantcontact.com,11 Lukken Center,
65bfd92bfc13ae34700b2e82,Ooba,722-800-5255,bascoughfz@mashable.com,57 Quincy Place,
65bfd92bfc13ae34700b2e83,Jabbertype,399-281-9793,pantrobusg0@wp.com,9614 Oneill Road,
65bfd92bfc13ae34700b2e84,Jayo,730-828-5440,lratheg1@indiatimes.com,36197 Del Sol Circle,
65bfd92bfc13ae34700b2e85,Katz,436-510-4171,amatschkeg2@google.com.br,7333 Union Crossing,
65bfd92bfc13ae34700b2e86,Twitterworks,357-159-1051,yscotsong3@privacy.gov.au,340 Hansons Parkway,
65bfd92bfc13ae34700b2e87,Centizu,774-216-7664,mmorriceg4@washington.edu,12 Hintze Street,
65bfd92bfc13ae34700b2e88,Voolith,148-626-6605,nphysicg5@themeforest.net,7985 Melby Drive,
65bfd92bfc13ae34700b2e89,Wikizz,705-361-5890,kmccarverg6@un.org,96 Jenna Point,
65bfd92bfc13ae34700b2e8a,Flipstorm,940-851-3711,wcheakg7@imgur.com,66034 Farwell Crossing,
65bfd92bfc13ae34700b2e8b,Devshare,580-411-7243,ldmitrievg8@yellowpages.com,8257 Westerfield Drive,
65bfd92bfc13ae34700b2e8c,Yacero,469-715-0051,brigateg9@aol.com,1945 Monica Trail,
65bfd92bfc13ae34700b2e8d,Edgeblab,117-927-6103,ldessaurga@feedburner.com,04969 Bonner Hill,
65bfd92bfc13ae34700b2e8e,Camimbo,443-121-6253,lchartergb@google.com.hk,7646 Moose Hill,
65bfd92bfc13ae34700b2e8f,Abata,426-859-8227,bballingc@slideshare.net,3270 Mccormick Parkway,
65bfd92bfc13ae34700b2e90,Youopia,265-267-7479,lshorbrookgd@themeforest.net,800 Sunnyside Trail,
65bfd92bfc13ae34700b2e91,Wordify,537-352-6507,cmelarkeyge@state.gov,2 Debs Street,
65bfd92bfc13ae34700b2e92,Myworks,523-405-4287,mlongstaffgf@elegantthemes.com,7 Clarendon Center,
65bfd92bfc13ae34700b2e93,Feedspan,430-476-5015,phelliargg@livejournal.com,1757 Elka Point,
65bfd92bfc13ae34700b2e94,Dynazzy,916-611-9466,fsongestgh@yale.edu,1460 Lyons Plaza,
65bfd92bfc13ae34700b2e95,Dablist,147-765-5425,wcolvillgi@behance.net,73 Boyd Terrace,
65bfd92bfc13ae34700b2e96,Zazio,458-930-9242,hclewlowegj@patch.com,1289 5th Place,
65bfd92bfc13ae34700b2e97,Babbleblab,662-526-6156,etremaylegk@typepad.com,107 Mesta Park,
65bfd92bfc13ae34700b2e98,Rooxo,173-616-9445,bmacfaddengl@cbsnews.com,10 Talisman Court,
65bfd92bfc13ae34700b2e99,Twitterbridge,805-480-3459,gfergusongm@smh.com.au,403 Hoard Park,
65bfd92bfc13ae34700b2e9a,Eayo,708-883-6388,jsapsfordegn@gnu.org,6524 Eagan Park,
65bfd92bfc13ae34700b2e9b,Centimia,938-133-7688,llackgo@loc.gov,4283 Northview Trail,
65bfd92bfc13ae34700b2e9c,Aivee,362-258-5066,hdaddagp@furl.net,51 Linden Crossing,
65bfd92bfc13ae34700b2e9d,Thoughtworks,833-748-2609,esarsfieldgq@shop-pro.jp,1194 Forest Run Park,
65bfd92bfc13ae34700b2e9e,Avavee,539-739-8431,gsandlandgr@go.com,42 Kensington Plaza,
65bfd92bfc13ae34700b2e9f,Abata,101-722-8548,rmerielgs@goo.ne.jp,298 Cody Junction,
65bfd92bfc13ae34700b2ea0,Thoughtsphere,813-471-1252,cdetloffgt@cbsnews.com,078 Manitowish Road,
65bfd92bfc13ae34700b2ea1,Wikibox,395-695-9713,jmacongu@facebook.com,736 Truax Parkway,
65bfd92bfc13ae34700b2ea2,Skilith,418-709-1824,pzaniolinigv@who.int,4161 Springview Circle,
65bfd92bfc13ae34700b2ea3,Linkbridge,364-340-7929,lspencelayhgw@angelfire.com,1320 Atwood Place,
65bfd92bfc13ae34700b2ea4,Ainyx,182-467-6472,massandrigx@discuz.net,9 John Wall Point,
65bfd92bfc13ae34700b2ea5,Tagpad,879-417-9423,bwallikergy@discovery.com,05211 Mcguire Avenue,
65bfd92bfc13ae34700b2ea6,Lazzy,871-131-0670,miwanczykgz@studiopress.com,325 Mcbride Plaza,
65bfd92bfc13ae34700b2ea7,Oloo,825-980-1659,fsemmenceh0@harvard.edu,583 Magdeline Road,
65bfd92bfc13ae34700b2ea8,Oodoo,941-274-0223,abeyerh1@ucoz.com,3 Steensland Center,
65bfd92bfc13ae34700b2ea9,Devshare,772-348-8848,shackingh2@ocn.ne.jp,29801 Hayes Place,
65bfd92bfc13ae34700b2eaa,Skibox,572-411-2181,gfranzolinih3@time.com,673 North Avenue,
65bfd92bfc13ae34700b2eab,Tagcat,310-566-6960,hmarlh4@devhub.com,0 Dottie Hill,
65bfd92bfc13ae34700b2eac,Wordify,688-142-4164,sgummoeh5@yale.edu,04609 Burning Wood Point,
65bfd92bfc13ae34700b2ead,Trudoo,326-437-7190,ckewishh6@yellowbook.com,503 Norway Maple Drive,
65bfd92bfc13ae34700b2eae,Rooxo,323-770-2938,mhedlestoneh7@jalbum.net,6 Lakeland Trail,
65bfd92bfc13ae34700b2eaf,Dabshots,517-709-3079,shardenh8@yellowpages.com,67956 Lunder Place,
65bfd92bfc13ae34700b2eb0,Browsebug,534-921-8657,jsoaperh9@alibaba.com,80743 Crowley Court,
65bfd92bfc13ae34700b2eb1,Meetz,287-772-0270,msantoriniha@topsy.com,7619 Rockefeller Circle,
65bfd92bfc13ae34700b2eb2,Jabberbean,677-772-6005,mcurringtonhb@slashdot.org,71 Northport Road,
65bfd92bfc13ae34700b2eb3,Oba,645-471-2063,hdalliwaterhc@admin.ch,868 Quincy Junction,
65bfd92bfc13ae34700b2eb4,Voolith,166-440-4027,gabramzonhd@feedburner.com,228 Kim Terrace,
65bfd92bfc13ae34700b2eb5,Vinte,838-788-0759,mdarlisonhe@tmall.com,9 Arapahoe Place,
65bfd92bfc13ae34700b2eb6,Thoughtsphere,249-476-4777,bcastlehf@slate.com,12366 Jay Street,
65bfd92bfc13ae34700b2eb7,Wikizz,982-374-1092,hgrevillehg@list-manage.com,13 Mifflin Court,
65bfd92bfc13ae34700b2eb8,Youspan,920-865-6582,rhalkyardhh@live.com,93 Saint Paul Park,
65bfd92bfc13ae34700b2eb9,Brightdog,505-914-7330,kgoodissonhi@japanpost.jp,87 Buell Street,
65bfd92bfc13ae34700b2eba,Divanoodle,878-321-5152,sealleshj@blog.com,4405 Dakota Alley,
65bfd92bfc13ae34700b2ebb,Meembee,486-252-8277,wkenningleyhk@alexa.com,24 Spenser Circle,
65bfd92bfc13ae34700b2ebc,Blogspan,623-994-1133,tmcgreyhl@angelfire.com,24597 Elgar Park,
65bfd92bfc13ae34700b2ebd,Quinu,714-841-6604,mgransdenhm@360.cn,25663 Talisman Street,
65bfd92bfc13ae34700b2ebe,Zoomdog,360-969-5950,jmcgarrahanhn@bing.com,53 Eliot Circle,
65bfd92bfc13ae34700b2ebf,Blogtags,972-502-3476,sbrosterho@friendfeed.com,4571 Merchant Junction,
65bfd92bfc13ae34700b2ec0,Jabberbean,749-423-0202,phubbishp@odnoklassniki.ru,59358 Stang Trail,
65bfd92bfc13ae34700b2ec1,Dabjam,341-974-0823,tdanielothq@stumbleupon.com,49 Hanover Place,
65bfd92bfc13ae34700b2ec2,Skiba,344-781-6919,ocrokerhr@dyndns.org,11794 Linden Alley,
65bfd92bfc13ae34700b2ec3,Twitterworks,357-370-4997,hmcconigalhs@geocities.jp,06645 Sunfield Crossing,
65bfd92bfc13ae34700b2ec4,Twinder,986-191-1924,vfilasovht@soup.io,019 Heath Plaza,
65bfd92bfc13ae34700b2ec5,Browsezoom,878-731-3744,gaustinghu@tripod.com,5992 Farragut Place,
65bfd92bfc13ae34700b2ec6,Shuffletag,665-191-9883,mspaceyhv@pinterest.com,35782 Cardinal Alley,
65bfd92bfc13ae34700b2ec7,Linktype,283-898-8593,rlanahanhw@domainmarket.com,20597 Nevada Lane,
65bfd92bfc13ae34700b2ec8,Wordify,802-348-3207,ldanilovhx@amazon.com,3714 Meadow Valley Pass,
65bfd92bfc13ae34700b2ec9,Yacero,573-613-7221,bdrinkalehy@wordpress.com,12 Di Loreto Alley,
65bfd92bfc13ae34700b2eca,Zoomcast,797-522-8263,sdythamhz@xinhuanet.com,6826 Swallow Drive,
65bfd92bfc13ae34700b2ecb,Fivechat,910-838-8957,fcurrieri0@bloglines.com,099 Hoffman Circle,
65bfd92bfc13ae34700b2ecc,Zava,421-561-5008,pdescroixi1@theglobeandmail.com,04 Thackeray Parkway,
65bfd92bfc13ae34700b2ecd,Yozio,640-177-2081,hmulvaneyi2@soup.io,300 Merrick Avenue,
65bfd92bfc13ae34700b2ece,Yakidoo,205-469-9904,tcardalli3@gnu.org,367 Alpine Hill,
65bfd92bfc13ae34700b2ecf,Tagopia,596-518-4529,mboutelli4@admin.ch,9 Darwin Parkway,
65bfd92bfc13ae34700b2ed0,Photojam,366-420-1339,gpencosti5@fema.gov,47 Oak Valley Parkway,
65bfd92bfc13ae34700b2ed1,Trudoo,361-232-9455,mjekeli6@github.com,77 Almo Lane,
65bfd92bfc13ae34700b2ed2,Skilith,732-918-5301,hvankeevi7@hc360.com,102 Chive Drive,
65bfd92bfc13ae34700b2ed3,Skyndu,808-207-8820,jironi8@bravesites.com,8 Monument Hill,
65bfd92bfc13ae34700b2ed4,Gigashots,336-669-7720,fsteuhlmeyeri9@dedecms.com,48 Mifflin Alley,
65bfd92bfc13ae34700b2ed5,Blognation,387-570-9438,psaltwellia@google.ca,7154 Petterle Park,
65bfd92bfc13ae34700b2ed6,Gigazoom,672-565-3275,oyesininib@nasa.gov,6450 Jackson Terrace,
65bfd92bfc13ae34700b2ed7,Leenti,187-699-6606,rolennikovic@barnesandnoble.com,8683 Golf View Lane,
65bfd92bfc13ae34700b2ed8,Jabberstorm,336-481-4840,hwoodcockid@netlog.com,98 Hauk Junction,
65bfd92bfc13ae34700b2ed9,Fanoodle,540-238-3489,pjonkie@github.io,584 Heffernan Drive,
65bfd92bfc13ae34700b2eda,Zava,814-127-4633,jditchif@amazon.com,4 New Castle Parkway,
65bfd92bfc13ae34700b2edb,Voonyx,508-269-1099,bburcombeig@ameblo.jp,7 Oak Valley Court,
65bfd92bfc13ae34700b2edc,Tagfeed,824-378-5419,joveryih@unicef.org,1 Vahlen Way,
65bfd92bfc13ae34700b2edd,Kamba,806-321-1145,hbowlesworthii@independent.co.uk,61658 Judy Pass,
65bfd92bfc13ae34700b2ede,Devify,310-124-3643,nthamsij@mtv.com,2085 Little Fleur Way,
65bfd92bfc13ae34700b2edf,Camido,448-865-7724,ltristramik@icq.com,3 Ilene Park,
65bfd92bfc13ae34700b2ee0,Katz,897-474-5966,tolssonil@un.org,8 Express Drive,
65bfd92bfc13ae34700b2ee1,Jamia,899-574-1139,bmercerim@state.gov,5074 Hansons Street,
65bfd92bfc13ae34700b2ee2,Vipe,181-697-4177,cannattin@irs.gov,2 Kings Parkway,
65bfd92bfc13ae34700b2ee3,Browsebug,225-336-6792,jbingallio@smugmug.com,5 Hazelcrest Parkway,
65bfd92bfc13ae34700b2ee4,Oba,876-981-0785,manniceip@linkedin.com,7 Clarendon Court,
65bfd92bfc13ae34700b2ee5,Topicware,300-723-0061,jhawkeyiq@mayoclinic.com,48015 Monument Street,
65bfd92bfc13ae34700b2ee6,Abatz,729-340-1269,seadonir@cbsnews.com,314 Anderson Place,
65bfd92bfc13ae34700b2ee7,Camimbo,800-881-6339,ahyronsis@eepurl.com,4411 Melrose Court,
65bfd92bfc13ae34700b2ee8,Rhyloo,836-592-3633,clyndsit@aboutads.info,059 Jenifer Lane,
65bfd92bfc13ae34700b2ee9,Blognation,815-973-8581,adibbleiu@unesco.org,60473 Pond Road,
65bfd92bfc13ae34700b2eea,Yakijo,789-817-5556,vmaccafferkyiv@odnoklassniki.ru,8589 Park Meadow Terrace,
65bfd92bfc13ae34700b2eeb,Photospace,925-132-5217,briedigeriw@e-recht24.de,7 Starling Trail,
65bfd92bfc13ae34700b2eec,Demivee,540-653-3125,ldmitrievskiix@cdc.gov,01 Grim Way,
65bfd92bfc13ae34700b2eed,Realbuzz,858-607-1211,abondyiy@furl.net,32 Kim Park,
65bfd92bfc13ae34700b2eee,Twimbo,212-957-6490,mpuxleyiz@jiathis.com,92379 Hermina Court,
65bfd92bfc13ae34700b2eef,Skaboo,334-847-5495,cbugdenj0@google.de,69091 American Circle,
65bfd92bfc13ae34700b2ef0,Twinte,533-479-2688,fkeblej1@time.com,00 Cottonwood Place,
65bfd92bfc13ae34700b2ef1,Avamm,741-658-7942,bpentinj2@mozilla.com,69027 Crowley Alley,
65bfd92bfc13ae34700b2ef2,Kanoodle,313-390-7758,lmunnj3@alibaba.com,14 Moland Hill,
65bfd92bfc13ae34700b2ef3,Twinte,247-268-5982,vcrousej4@google.de,54031 Evergreen Circle,
65bfd92bfc13ae34700b2ef4,Meevee,256-296-0590,wbostockj5@i2i.jp,503 Duke Court,
65bfd92bfc13ae34700b2ef5,Livetube,788-818-2966,iroadj6@redcross.org,8658 Sundown Drive,
65bfd92bfc13ae34700b2ef6,Meeveo,356-412-4109,acrossj7@si.edu,232 Evergreen Point,
65bfd92bfc13ae34700b2ef7,Divape,888-333-8341,krainvillej8@irs.gov,00890 Forest Point,
65bfd92bfc13ae34700b2ef8,Wordpedia,674-808-6534,ctaffiej9@vkontakte.ru,040 Center Pass,
65bfd92bfc13ae34700b2ef9,Trilia,947-417-4285,esambedgeja@howstuffworks.com,64 Brentwood Court,
65bfd92bfc13ae34700b2efa,Thoughtstorm,406-267-1920,erambadtjb@cargocollective.com,67096 Raven Circle,
65bfd92bfc13ae34700b2efb,Thoughtstorm,140-725-9183,drattrayjc@sourceforge.net,06502 Northport Crossing,
65bfd92bfc13ae34700b2efc,Eadel,822-866-5171,jeggersjd@bluehost.com,091 Oriole Terrace,
65bfd92bfc13ae34700b2efd,Bluejam,612-470-4943,croscampsje@slate.com,05203 Onsgard Parkway,
65bfd92bfc13ae34700b2efe,Photolist,415-401-7130,ksouthwelljf@shutterfly.com,36 Clyde Gallagher Circle,
65bfd92bfc13ae34700b2eff,Dablist,310-350-6344,adryburghjg@noaa.gov,61203 Glacier Hill Center,
65bfd92bfc13ae34700b2f00,Topiclounge,251-755-3930,jnajerajh@senate.gov,391 Harbort Center,
65bfd92bfc13ae34700b2f01,Devpulse,409-255-4297,cmacquireji@flickr.com,41669 Red Cloud Park,
65bfd92bfc13ae34700b2f02,Babblestorm,231-631-3438,rtweediejj@paginegialle.it,8250 Manley Park,
65bfd92bfc13ae34700b2f03,Lazzy,669-539-4189,cpringlejk@samsung.com,1806 Thierer Center,
65bfd92bfc13ae34700b2f04,Tavu,865-596-9360,jtowelljl@163.com,6 Russell Way,
65bfd92bfc13ae34700b2f05,Pixoboo,974-853-5136,sdorkingjm@studiopress.com,354 Forster Pass,
65bfd92bfc13ae34700b2f06,Quimba,981-807-0432,dlatheyjn@topsy.com,443 School Park,
65bfd92bfc13ae34700b2f07,Feedfire,188-354-4553,rgeffejo@cargocollective.com,962 Hermina Circle,
65bfd92bfc13ae34700b2f08,Skinder,608-720-3641,mbaldackjp@si.edu,51255 Ryan Crossing,
65bfd92bfc13ae34700b2f09,Photobean,814-547-6722,jennewjq@about.me,9 Morningstar Road,
65bfd92bfc13ae34700b2f0a,Skyba,289-677-1902,fbaylayjr@prweb.com,777 Union Street,
65bfd92bfc13ae34700b2f0b,Muxo,724-430-4773,mcatterelljs@istockphoto.com,809 Bay Pass,
65bfd92bfc13ae34700b2f0c,Flashspan,933-581-0200,cdelafontjt@lulu.com,048 Lukken Court,
65bfd92bfc13ae34700b2f0d,Meezzy,141-221-8911,mbowdidgeju@mozilla.org,76 Hansons Plaza,
65bfd92bfc13ae34700b2f0e,Tagchat,597-385-7328,arosenzveigjv@free.fr,64859 Sutherland Circle,
65bfd92bfc13ae34700b2f0f,Blogtag,130-660-0455,mgremanejw@guardian.co.uk,10606 Northland Road,
65bfd92bfc13ae34700b2f10,Eadel,990-649-6390,jsapautonjx@cocolog-nifty.com,3 Fremont Junction,
65bfd92bfc13ae34700b2f11,Skinte,571-554-1093,lhalbordjy@businessinsider.com,17468 Eagle Crest Street,
65bfd92bfc13ae34700b2f12,Tavu,388-913-1409,aconyardjz@newyorker.com,4 Nancy Street,
65bfd92bfc13ae34700b2f13,Yombu,217-688-1101,smartineauk0@is.gd,07 Eliot Place,
65bfd92bfc13ae34700b2f14,Rhycero,954-750-9888,okennardk1@reddit.com,35 Weeping Birch Plaza,
65bfd92bfc13ae34700b2f15,Buzzbean,599-776-5252,pwoolattk2@cafepress.com,99 Lighthouse Bay Alley,
65bfd92bfc13ae34700b2f16,Babbleset,210-559-7104,hcoramk3@123-reg.co.uk,4 Blackbird Lane,
65bfd92bfc13ae34700b2f17,Skynoodle,302-243-3601,abowderyk4@de.vu,6583 Carberry Avenue,
65bfd92bfc13ae34700b2f18,Jetpulse,973-125-0780,ashilstonek5@geocities.jp,38540 Fordem Place,
65bfd92bfc13ae34700b2f19,Innotype,380-520-9096,brammellk6@ucoz.com,97 Maryland Alley,
65bfd92bfc13ae34700b2f1a,Meedoo,747-310-6199,ctrobeyk7@prweb.com,9 Tennyson Pass,
65bfd92bfc13ae34700b2f1b,Yoveo,870-271-1470,ngarmank8@salon.com,7 5th Park,
65bfd92bfc13ae34700b2f1c,Mydeo,164-117-2852,clangthornek9@phpbb.com,230 Grim Avenue,
65bfd92bfc13ae34700b2f1d,Wikizz,757-507-4770,dantoshinka@delicious.com,25270 Warrior Street,
65bfd92bfc13ae34700b2f1e,Fadeo,112-898-4822,wdehaileskb@sun.com,8 4th Plaza,
65bfd92bfc13ae34700b2f1f,Ailane,130-277-4267,zwyliekc@miibeian.gov.cn,4 Troy Way,
65bfd92bfc13ae34700b2f20,Rhycero,585-417-8060,aolliffkd@goodreads.com,764 Butternut Drive,
65bfd92bfc13ae34700b2f21,Trilia,440-403-5340,ariditchke@soup.io,77932 Jenifer Junction,
65bfd92bfc13ae34700b2f22,Oyope,447-385-1495,jelsegoodkf@skyrock.com,050 Cody Parkway,
65bfd92bfc13ae34700b2f23,Skalith,782-168-4540,cpennycockkg@cbsnews.com,673 Rowland Park,
65bfd92bfc13ae34700b2f24,Fliptune,618-557-1820,apenninokh@yahoo.co.jp,025 Myrtle Avenue,
65bfd92bfc13ae34700b2f25,Photobug,593-576-9338,dsmogurki@fc2.com,34 Porter Terrace,
65bfd92bfc13ae34700b2f26,Browsecat,626-908-4162,vbrambellkj@1688.com,81878 Lindbergh Place,
65bfd92bfc13ae34700b2f27,Gevee,832-940-8988,msetteringtonkk@state.gov,94 5th Avenue,
65bfd92bfc13ae34700b2f28,JumpXS,252-469-4454,rshawyerkl@newsvine.com,3684 Pawling Trail,
65bfd92bfc13ae34700b2f29,Dynava,735-123-0581,vtarnkm@prlog.org,16812 Golf View Pass,
65bfd92bfc13ae34700b2f2a,Mudo,694-862-4860,rotimonykn@sohu.com,70 Pond Parkway,
65bfd92bfc13ae34700b2f2b,Aibox,796-340-3676,bblakestonko@barnesandnoble.com,66739 Twin Pines Street,
65bfd92bfc13ae34700b2f2c,Topicshots,165-623-4582,afrendkp@about.com,9 Cordelia Point,
65bfd92bfc13ae34700b2f2d,Kazio,673-671-1530,stickelkq@nifty.com,91520 Fisk Hill,
65bfd92bfc13ae34700b2f2e,Eare,535-115-0095,dhumblestonekr@topsy.com,5756 Bonner Terrace,
65bfd92bfc13ae34700b2f2f,Tambee,572-970-5298,lleschelleks@istockphoto.com,1974 Monument Street,
65bfd92bfc13ae34700b2f30,Rhyloo,495-918-1125,agorrickkt@discovery.com,010 Fulton Lane,
65bfd92bfc13ae34700b2f31,Linkbuzz,964-964-8304,cfowlestoneku@histats.com,27 Upham Street,
65bfd92bfc13ae34700b2f32,Brainsphere,363-501-3090,naristidekv@yahoo.com,6638 West Lane,
65bfd92bfc13ae34700b2f33,Kamba,512-727-4471,tchiswellkw@jalbum.net,4052 Steensland Parkway,
65bfd92bfc13ae34700b2f34,Ainyx,123-727-9400,ghuegettkx@thetimes.co.uk,788 Raven Place,
65bfd92bfc13ae34700b2f35,Jabbersphere,141-554-0716,dshillidayky@tripadvisor.com,095 Briar Crest Way,
65bfd92bfc13ae34700b2f36,Innojam,966-883-1421,llagenkz@nbcnews.com,72 Bobwhite Junction,
65bfd92bfc13ae34700b2f37,Flashspan,264-322-1262,rklesell0@army.mil,8627 Loeprich Point,
65bfd92bfc13ae34700b2f38,Devshare,865-496-2297,flornsenl1@google.fr,6795 Hazelcrest Pass,
65bfd92bfc13ae34700b2f39,Jabbersphere,413-853-7304,rharriottl2@dot.gov,0355 Meadow Valley Road,
65bfd92bfc13ae34700b2f3a,Skinder,886-792-5006,ndaldryl3@cisco.com,62 Sutherland Drive,
65bfd92bfc13ae34700b2f3b,Skippad,394-165-6241,sstodel4@paypal.com,9758 Summerview Trail,
65bfd92bfc13ae34700b2f3c,Photospace,474-502-4528,bbonhilll5@fastcompany.com,543 Fairfield Place,
65bfd92bfc13ae34700b2f3d,Thoughtbridge,840-293-6157,cdysertl6@taobao.com,3905 Maple Wood Trail,
65bfd92bfc13ae34700b2f3e,Aimbu,167-151-0930,mcocklinl7@about.me,8100 Manitowish Drive,
65bfd92bfc13ae34700b2f3f,Livepath,849-368-3571,wstranieril8@disqus.com,65 Evergreen Drive,
65bfd92bfc13ae34700b2f40,Avamba,596-836-9429,kcronkshawl9@mlb.com,3 Arapahoe Lane,
65bfd92bfc13ae34700b2f41,Vinder,185-401-0946,bpantherla@kickstarter.com,7935 Scoville Lane,
65bfd92bfc13ae34700b2f42,Viva,669-122-2401,mblowicklb@dailymail.co.uk,167 Dahle Lane,
65bfd92bfc13ae34700b2f43,Roodel,935-659-2968,eparrattlc@rambler.ru,4050 Barby Crossing,
65bfd92bfc13ae34700b2f44,Izio,824-719-0622,bhatherleyld@amazon.co.jp,3 Kennedy Crossing,
65bfd92bfc13ae34700b2f45,Avavee,162-398-0364,sgennerle@google.co.uk,6584 Bluejay Avenue,
65bfd92bfc13ae34700b2f46,Jabbersphere,192-613-5891,gbiskupeklf@gmpg.org,5 Ilene Avenue,
65bfd92bfc13ae34700b2f47,Feedfish,995-218-1775,rsibyllalg@go.com,36 Pennsylvania Circle,
65bfd92bfc13ae34700b2f48,JumpXS,268-470-9116,cfaloonlh@goo.ne.jp,5819 Rowland Way,
65bfd92bfc13ae34700b2f49,Babbleopia,715-514-7904,vbanburyli@wikia.com,9 Grayhawk Crossing,
65bfd92bfc13ae34700b2f4a,Geba,612-532-8044,bvialslj@cbc.ca,9311 Blackbird Terrace,
65bfd92bfc13ae34700b2f4b,Trilith,416-679-6825,mhemeretlk@skyrock.com,277 Algoma Point,
65bfd92bfc13ae34700b2f4c,Gabtype,340-176-1168,gspennockll@list-manage.com,567 Spaight Street,
65bfd92bfc13ae34700b2f4d,Skaboo,229-578-4838,hfurylm@lycos.com,8890 Debra Trail,
65bfd92bfc13ae34700b2f4e,Plajo,672-502-2571,hamesburyln@oracle.com,4 Monument Crossing,
65bfd92bfc13ae34700b2f4f,Browsecat,457-712-5008,tpealo@symantec.com,48 Warner Avenue,
65bfd92bfc13ae34700b2f50,Thoughtblab,965-331-5257,hfarrearslp@feedburner.com,385 Sunbrook Trail,
65bfd92bfc13ae34700b2f51,Devpoint,887-569-5133,ncorstonlq@mozilla.com,283 Gerald Lane,
65bfd92bfc13ae34700b2f52,Aibox,283-167-0735,mduvallr@wufoo.com,9 Portage Way,
65bfd92bfc13ae34700b2f53,Yadel,953-717-8952,ebrewersls@marketwatch.com,3 Sullivan Junction,
65bfd92bfc13ae34700b2f54,Kaymbo,787-292-8471,rsaundersonlt@xinhuanet.com,33557 Clove Way,
65bfd92bfc13ae34700b2f55,Dablist,387-106-9664,cvearncombelu@example.com,07508 Prairieview Road,
65bfd92bfc13ae34700b2f56,Snaptags,990-115-6885,adjurdjeviclv@t.co,94502 Summit Junction,
65bfd92bfc13ae34700b2f57,Pixope,645-256-1323,fkingswelllw@feedburner.com,783 Grover Circle,
65bfd92bfc13ae34700b2f58,Linklinks,459-231-7288,lwickardtlx@techcrunch.com,70 Tennyson Avenue,
65bfd92bfc13ae34700b2f59,Eare,120-410-5860,aromandly@t-online.de,842 Sherman Parkway,
65bfd92bfc13ae34700b2f5a,Rhycero,405-234-3665,equirklz@bigcartel.com,77483 Chinook Park,
65bfd92bfc13ae34700b2f5b,Twitterworks,216-853-1923,wmooneym0@wiley.com,447 High Crossing Pass,
65bfd92bfc13ae34700b2f5c,Trudoo,606-577-1608,ckillimisterm1@purevolume.com,362 Scofield Point,
65bfd92bfc13ae34700b2f5d,Kare,769-274-7575,cmckerronm2@deviantart.com,34408 Harbort Way,
65bfd92bfc13ae34700b2f5e,Realcube,719-901-8493,vjosefsohnm3@ebay.co.uk,9 Holy Cross Court,
65bfd92bfc13ae34700b2f5f,Centimia,112-605-0930,aceschellim4@ted.com,335 Blackbird Crossing,
65bfd92bfc13ae34700b2f60,Trilia,595-421-6587,edinism5@opera.com,44 2nd Circle,
65bfd92bfc13ae34700b2f61,Wordware,781-499-2184,bmacknockiterm6@sitemeter.com,57 Summer Ridge Pass,
65bfd92bfc13ae34700b2f62,Aivee,643-765-2900,ghutfieldm7@spiegel.de,50 Prairieview Crossing,
65bfd92bfc13ae34700b2f63,Centimia,696-738-9875,rillsleym8@chron.com,47 Di Loreto Drive,
65bfd92bfc13ae34700b2f64,Geba,547-615-2088,aogradym9@businessweek.com,5 Atwood Court,
65bfd92bfc13ae34700b2f65,Jabbertype,613-503-8797,cmacaskillma@fc2.com,7780 South Road,
65bfd92bfc13ae34700b2f66,Skyba,324-458-5312,trodenburghmb@symantec.com,2889 Warrior Avenue,
65bfd92bfc13ae34700b2f67,Kwinu,303-721-0051,gobinmc@google.pl,689 Clyde Gallagher Alley,
65bfd92bfc13ae34700b2f68,Skibox,794-765-0847,acaveaumd@wsj.com,89 Lerdahl Avenue,
65bfd92bfc13ae34700b2f69,InnoZ,637-983-9558,lnoeme@sina.com.cn,891 Lotheville Court,
65bfd92bfc13ae34700b2f6a,Dabjam,876-160-7317,tbellymf@so-net.ne.jp,82 Donald Parkway,
65bfd92bfc13ae34700b2f6b,Edgetag,965-552-0900,kfateleymg@ucla.edu,69 Division Court,
65bfd92bfc13ae34700b2f6c,Photobug,728-111-7053,mbecksmh@merriam-webster.com,5216 Granby Avenue,
65bfd92bfc13ae34700b2f6d,Bubblebox,854-591-9742,gmcpartlingmi@mail.ru,30898 Monument Hill,
65bfd92bfc13ae34700b2f6e,Vimbo,667-459-8339,cdearymj@plala.or.jp,09 Golf Way,
65bfd92bfc13ae34700b2f6f,Thoughtmix,188-494-7412,rrubenovicmk@zdnet.com,108 Chive Hill,
65bfd92bfc13ae34700b2f70,Dabshots,204-893-0465,hpearmineml@skyrock.com,649 Chive Way,
65bfd92bfc13ae34700b2f71,Livefish,608-368-6852,cinmanmm@simplemachines.org,63 Arizona Court,
65bfd92bfc13ae34700b2f72,Jabbercube,962-551-8549,clambournemn@cocolog-nifty.com,5010 Memorial Way,
65bfd92bfc13ae34700b2f73,Flashpoint,441-549-4012,hbirchmo@istockphoto.com,86705 Sundown Road,
65bfd92bfc13ae34700b2f74,Photofeed,301-931-4293,fgeggusmp@nydailynews.com,14 Bluejay Alley,
65bfd92bfc13ae34700b2f75,Layo,869-747-8188,gblackshawmq@pbs.org,22932 Anniversary Way,
65bfd92bfc13ae34700b2f76,Zoomdog,849-970-5804,owardhoughmr@github.com,07846 Fulton Point,
65bfd92bfc13ae34700b2f77,Skajo,212-853-6275,mcarnowms@cbslocal.com,451 Sutherland Alley,
65bfd92bfc13ae34700b2f78,Jaxbean,811-597-1236,chuzzeymt@xing.com,161 Westridge Court,
65bfd92bfc13ae34700b2f79,Jaxbean,721-658-4984,lcolebournemu@miitbeian.gov.cn,741 Kennedy Terrace,
65bfd92bfc13ae34700b2f7a,Skivee,125-326-5619,fhearthfieldmv@dyndns.org,0 Katie Crossing,
65bfd92bfc13ae34700b2f7b,Voonte,337-785-6913,jcamousmw@foxnews.com,705 Pepper Wood Crossing,
65bfd92bfc13ae34700b2f7c,Rhyloo,723-595-9141,slutymx@myspace.com,10221 Village Green Avenue,
65bfd92bfc13ae34700b2f7d,Oyoba,202-475-0248,arunciemy@europa.eu,4 Crownhardt Way,
65bfd92bfc13ae34700b2f7e,Riffpath,878-609-4872,smowlesmz@bing.com,318 3rd Place,
65bfd92bfc13ae34700b2f7f,Oyoba,119-991-3519,bbarghn0@miitbeian.gov.cn,85 Dottie Alley,
65bfd92bfc13ae34700b2f80,Fatz,699-566-8096,nculln1@surveymonkey.com,5959 Coolidge Lane,
65bfd92bfc13ae34700b2f81,Abata,734-723-6247,amarflittn2@xinhuanet.com,929 Quincy Plaza,
65bfd92bfc13ae34700b2f82,Avamba,809-522-6819,rludfordn3@topsy.com,49 Fisk Court,
65bfd92bfc13ae34700b2f83,Babblestorm,713-182-9430,rleggonn4@feedburner.com,5247 1st Way,
65bfd92bfc13ae34700b2f84,Gabspot,243-144-3714,aschwandnern5@cdbaby.com,7 Fallview Way,
65bfd92bfc13ae34700b2f85,Mudo,130-235-2768,dlaiten6@hugedomains.com,840 Forest Terrace,
65bfd92bfc13ae34700b2f86,Rhyloo,482-453-6872,etremoillen7@google.es,3 Jenna Plaza,
65bfd92bfc13ae34700b2f87,Divanoodle,533-612-8361,tshiren8@noaa.gov,757 Fremont Crossing,
65bfd92bfc13ae34700b2f88,Kwideo,406-837-5619,sbarhamsn9@diigo.com,7 Dexter Alley,
65bfd92bfc13ae34700b2f89,Voonte,669-448-4791,gmaccarterna@wikia.com,4495 Northridge Alley,
65bfd92bfc13ae34700b2f8a,Riffwire,295-828-6459,acopinnb@odnoklassniki.ru,9562 Surrey Place,
65bfd92bfc13ae34700b2f8b,Devify,296-583-6750,klethbrignc@google.es,661 Barby Terrace,
65bfd92bfc13ae34700b2f8c,Brainverse,473-625-2028,fcoombesnd@nasa.gov,11 Petterle Road,
65bfd92bfc13ae34700b2f8d,Eimbee,109-434-5883,roriordanne@techcrunch.com,2 Fallview Alley,
65bfd92bfc13ae34700b2f8e,Tazzy,791-914-3735,tbrimblecombenf@theguardian.com,98 Lawn Way,
65bfd92bfc13ae34700b2f8f,Ailane,219-174-0916,llooneyng@wufoo.com,37251 Forest Dale Avenue,
65bfd92bfc13ae34700b2f90,Innojam,456-974-1522,wrimmingtonnh@bluehost.com,08731 Dakota Terrace,
65bfd92bfc13ae34700b2f91,Skimia,890-897-9832,rridingni@fema.gov,5943 Manufacturers Center,
65bfd92bfc13ae34700b2f92,Divanoodle,230-321-3220,espiritnj@who.int,2424 Dakota Way,
65bfd92bfc13ae34700b2f93,Wikivu,408-934-6697,dtittank@arstechnica.com,7593 Valley Edge Court,
65bfd92bfc13ae34700b2f94,Innojam,566-222-9806,chughfnl@indiatimes.com,47883 Walton Plaza,
65bfd92bfc13ae34700b2f95,Jaxbean,922-757-0608,lmuressnm@behance.net,79055 West Pass,
65bfd92bfc13ae34700b2f96,Divanoodle,849-831-4703,bpattersonnn@patch.com,7334 Pankratz Circle,
65bfd92bfc13ae34700b2f97,Blogspan,557-221-5328,lbeaulieuno@qq.com,74785 Haas Lane,
65bfd92bfc13ae34700b2f98,Aimbu,170-805-2291,jborgnp@slashdot.org,277 Amoth Terrace,
65bfd92bfc13ae34700b2f99,Feedspan,670-168-1891,kmorlandnq@zimbio.com,48477 Summerview Parkway,
65bfd92bfc13ae34700b2f9a,Ooba,518-321-4294,sburnhamsnr@delicious.com,2 Atwood Road,
65bfd92bfc13ae34700b2f9b,Dazzlesphere,678-392-4539,jhynsonns@washington.edu,83892 Loeprich Junction,
65bfd92bfc13ae34700b2f9c,Eire,342-735-4235,bkobunt@goo.gl,26 Melody Alley,
65bfd92bfc13ae34700b2f9d,Zoozzy,291-569-2877,mtrasknu@timesonline.co.uk,5 Hansons Terrace,
65bfd92bfc13ae34700b2f9e,Eire,725-210-0358,jstruthersnv@yandex.ru,26 Fair Oaks Junction,
65bfd92bfc13ae34700b2f9f,Geba,297-806-8544,mringrosenw@uiuc.edu,2 Warbler Trail,
65bfd92bfc13ae34700b2fa0,Rhynyx,830-919-8753,hdacheynx@uiuc.edu,50125 Hovde Drive,
65bfd92bfc13ae34700b2fa1,Edgetag,553-652-4135,jdobingny@answers.com,60186 Hanover Court,
65bfd92bfc13ae34700b2fa2,Browsetype,233-384-9039,lendicottnz@pcworld.com,348 Mcguire Road,
65bfd92bfc13ae34700b2fa3,Wordtune,318-240-1003,mgarredo0@clickbank.net,7295 Hooker Pass,
65bfd92bfc13ae34700b2fa4,Eimbee,314-934-4913,mpietraszeko1@gov.uk,27 Heath Terrace,
65bfd92bfc13ae34700b2fa5,Skimia,784-581-2879,mcalderao2@ow.ly,3918 South Hill,
65bfd92bfc13ae34700b2fa6,Feednation,169-990-4986,nsnowo3@weebly.com,7348 Merchant Crossing,
65bfd92bfc13ae34700b2fa7,Latz,485-553-7161,pculloteyo4@flickr.com,547 Eagan Alley,
65bfd92bfc13ae34700b2fa8,Roodel,703-172-3288,sraywoodo5@whitehouse.gov,21 Norway Maple Lane,
65bfd92bfc13ae34700b2fa9,Mycat,420-294-2531,ggedneyo6@blogtalkradio.com,5 Lyons Court,
65bfd92bfc13ae34700b2faa,Photobean,895-705-9439,zmurkuso7@europa.eu,6734 Dryden Center,
65bfd92bfc13ae34700b2fab,Realbridge,764-429-6446,ndensuno8@godaddy.com,376 Namekagon Point,
65bfd92bfc13ae34700b2fac,Tazz,266-473-6107,zwhightmano9@list-manage.com,00 Gateway Street,
65bfd92bfc13ae34700b2fad,Eare,994-899-5099,ocollisteroa@hugedomains.com,68510 Declaration Pass,
65bfd92bfc13ae34700b2fae,Vidoo,379-130-0803,mrhuleob@stumbleupon.com,1821 Buena Vista Hill,
65bfd92bfc13ae34700b2faf,Brainbox,453-251-0801,rleefeoc@123-reg.co.uk,180 Warrior Way,
65bfd92bfc13ae34700b2fb0,Gigashots,646-174-9457,lcolombod@alibaba.com,4850 Village Green Park,
65bfd92bfc13ae34700b2fb1,Skiptube,351-791-3927,hbrignelloe@sogou.com,70441 Maple Drive,
65bfd92bfc13ae34700b2fb2,Podcat,364-763-1018,dwoolfendenof@yale.edu,01 Grover Street,
65bfd92bfc13ae34700b2fb3,Roombo,866-338-1390,hcalcutog@bizjournals.com,46577 Maple Circle,
65bfd92bfc13ae34700b2fb4,Jaxnation,736-365-0346,oriselyoh@naver.com,173 Drewry Junction,
65bfd92bfc13ae34700b2fb5,Realbuzz,399-943-1527,dbridglandoi@va.gov,9230 Waywood Avenue,
65bfd92bfc13ae34700b2fb6,Trupe,476-878-4403,kstowgilloj@dropbox.com,9990 Steensland Junction,
65bfd92bfc13ae34700b2fb7,Vimbo,105-867-8669,mcaulderok@smh.com.au,2 Bay Pass,
65bfd92bfc13ae34700b2fb8,Eabox,528-427-5595,hmcrobbieol@list-manage.com,88167 Havey Alley,
65bfd92bfc13ae34700b2fb9,Skinder,233-462-2029,lcourteseom@adobe.com,41361 Luster Lane,
65bfd92bfc13ae34700b2fba,Voonix,147-864-1683,mpignyon@last.fm,4 Quincy Avenue,
65bfd92bfc13ae34700b2fbb,Photobug,948-516-5701,utowseoo@ucsd.edu,78 Miller Pass,
65bfd92bfc13ae34700b2fbc,Voonyx,987-220-5392,tbyeop@4shared.com,4488 Hoffman Crossing,
65bfd92bfc13ae34700b2fbd,Yombu,572-298-5808,edearnessoq@purevolume.com,3 Atwood Plaza,
65bfd92bfc13ae34700b2fbe,Tazzy,316-868-5291,pdybleor@goodreads.com,4138 Iowa Terrace,
65bfd92bfc13ae34700b2fbf,Fiveclub,813-427-4202,douslemos@ucsd.edu,2547 Goodland Plaza,
65bfd92bfc13ae34700b2fc0,Gigabox,950-713-8536,rdixonot@howstuffworks.com,02 North Trail,
65bfd92bfc13ae34700b2fc1,Meeveo,475-798-2340,itoppou@indiatimes.com,6 Loftsgordon Terrace,
65bfd92bfc13ae34700b2fc2,Tekfly,355-728-8967,rhewkinov@google.ru,46331 1st Parkway,
65bfd92bfc13ae34700b2fc3,Ailane,942-298-2151,rnittoow@xinhuanet.com,96 Harper Road,
65bfd92bfc13ae34700b2fc4,JumpXS,930-957-7450,akitteringhamox@sitemeter.com,8891 Esker Terrace,
65bfd92bfc13ae34700b2fc5,Gigaclub,797-594-7253,bwindressoy@japanpost.jp,608 Stang Plaza,
65bfd92bfc13ae34700b2fc6,Yotz,787-772-6313,gdiddamsoz@over-blog.com,17 Sauthoff Lane,
65bfd92bfc13ae34700b2fc7,Miboo,911-110-3391,cbertheletp0@dion.ne.jp,0999 Corben Terrace,
65bfd92bfc13ae34700b2fc8,Photolist,686-559-5597,bwollenp1@wired.com,6230 Spohn Avenue,
65bfd92bfc13ae34700b2fc9,Podcat,930-224-9732,charmantp2@seattletimes.com,366 Loeprich Court,
65bfd92bfc13ae34700b2fca,Kare,991-861-0690,swoolerp3@blog.com,07 Golden Leaf Court,
65bfd92bfc13ae34700b2fcb,Skiptube,904-619-4269,deydenp4@umn.edu,2 Gulseth Alley,
65bfd92bfc13ae34700b2fcc,Brightdog,978-890-9886,kdutnallp5@mediafire.com,90834 Anzinger Place,
65bfd92bfc13ae34700b2fcd,Youtags,572-403-9269,vblaszczynskip6@printfriendly.com,9718 Dexter Court,
65bfd92bfc13ae34700b2fce,Tagchat,199-929-6512,vnaullsp7@wikispaces.com,3644 Carpenter Plaza,
65bfd92bfc13ae34700b2fcf,Thoughtsphere,849-467-6191,mellereyp8@printfriendly.com,07 Red Cloud Plaza,
65bfd92bfc13ae34700b2fd0,Voonyx,718-797-3817,spresdeep9@behance.net,8027 Swallow Circle,
65bfd92bfc13ae34700b2fd1,Yacero,659-149-7192,ddreamerpa@feedburner.com,029 Fairview Plaza,
65bfd92bfc13ae34700b2fd2,Dabvine,367-228-5184,csimpb@smugmug.com,91 Parkside Park,
65bfd92bfc13ae34700b2fd3,Skinix,629-227-0638,svellpc@columbia.edu,3657 Village Center,
65bfd92bfc13ae34700b2fd4,Skiptube,945-176-5410,kpankettmanpd@nih.gov,48 Corscot Way,
65bfd92bfc13ae34700b2fd5,Bluejam,200-414-0405,jslymepe@360.cn,9250 Miller Junction,
65bfd92bfc13ae34700b2fd6,Feedbug,738-726-2325,kcasettipf@csmonitor.com,964 Leroy Point,
65bfd92bfc13ae34700b2fd7,Youopia,533-133-0577,mtolputtpg@whitehouse.gov,42310 Hovde Terrace,
65bfd92bfc13ae34700b2fd8,Browsetype,906-877-5939,jrisboroughph@smugmug.com,35 East Hill,
65bfd92bfc13ae34700b2fd9,Thoughtworks,905-819-8229,cruberypi@myspace.com,58 Hagan Pass,
65bfd92bfc13ae34700b2fda,Plambee,907-225-2342,dphytheanpj@fotki.com,0 Delladonna Avenue,
65bfd92bfc13ae34700b2fdb,Skivee,737-312-4837,eovitzpk@goodreads.com,2 Melody Center,
65bfd92bfc13ae34700b2fdc,Snaptags,760-350-8306,gjeenespl@sogou.com,794 Ridgeview Parkway,
65bfd92bfc13ae34700b2fdd,Oyonder,419-366-9053,mmckirtonpm@techcrunch.com,78 Parkside Trail,
65bfd92bfc13ae34700b2fde,Leexo,215-414-0774,cvenningspn@macromedia.com,0 Michigan Circle,
65bfd92bfc13ae34700b2fdf,Centimia,427-289-1509,bbickmorepo@mapy.cz,44 Paget Crossing,
65bfd92bfc13ae34700b2fe0,Gabcube,335-650-8405,dhartopppp@cmu.edu,2 Canary Junction,
65bfd92bfc13ae34700b2fe1,Blogpad,107-647-0716,ffurzeypq@uol.com.br,70152 Pepper Wood Street,
65bfd92bfc13ae34700b2fe2,Jatri,812-171-4512,jsterrickspr@reverbnation.com,1 Paget Park,
65bfd92bfc13ae34700b2fe3,Kanoodle,818-477-1846,rsilvermanps@google.co.uk,039 6th Plaza,
65bfd92bfc13ae34700b2fe4,Wikivu,788-293-6613,hvanyushinpt@yandex.ru,68 Express Lane,
65bfd92bfc13ae34700b2fe5,Abata,564-861-5808,skesonpu@wikispaces.com,87 Nevada Center,
65bfd92bfc13ae34700b2fe6,Photospace,979-677-6105,omacdonellpv@oaic.gov.au,6233 Daystar Alley,
65bfd92bfc13ae34700b2fe7,Lajo,573-247-1698,fleddypw@foxnews.com,3923 Mallory Street,
65bfd92bfc13ae34700b2fe8,Oodoo,605-902-5962,fkornousekpx@bandcamp.com,681 Mayfield Place,
65bfd92bfc13ae34700b2fe9,Topicware,834-297-2873,dveillardpy@state.tx.us,32237 Heffernan Street,
65bfd92bfc13ae34700b2fea,Dablist,301-540-4942,maskinpz@163.com,3 Golf Lane,
65bfd92bfc13ae34700b2feb,Edgeblab,435-180-2217,hshrawleyq0@scientificamerican.com,01478 Burrows Circle,
65bfd92bfc13ae34700b2fec,Centizu,480-247-3736,emorrallq1@cbslocal.com,65899 Kipling Crossing,
65bfd92bfc13ae34700b2fed,Jetpulse,943-517-1742,lcordelleq2@bluehost.com,59578 Anthes Alley,
65bfd92bfc13ae34700b2fee,Twitterbeat,412-772-0337,hpensomq3@imdb.com,209 Elgar Place,
65bfd92bfc13ae34700b2fef,Zoovu,855-182-2313,eoconcannonq4@ucoz.com,03 Arrowood Avenue,
65bfd92bfc13ae34700b2ff0,Zoovu,716-390-9905,dmyrickq5@psu.edu,99 Stone Corner Way,
65bfd92bfc13ae34700b2ff1,Innojam,207-994-6859,ltrussq6@4shared.com,0 Fieldstone Park,
65bfd92bfc13ae34700b2ff2,Eidel,244-792-9368,calvaroq7@va.gov,84679 Ramsey Junction,
65bfd92bfc13ae34700b2ff3,Centimia,972-916-2448,fglyssanneq8@meetup.com,7749 Homewood Road,
65bfd92cfc13ae34700b2ff4,Youbridge,669-988-4815,bonnq9@indiatimes.com,1526 Waywood Trail,
65bfd92cfc13ae34700b2ff5,Linkbridge,593-641-8487,sdraayerqa@typepad.com,46 Vermont Hill,
65bfd92cfc13ae34700b2ff6,Latz,107-433-7413,jcapponerqb@indiatimes.com,11328 North Trail,
65bfd92cfc13ae34700b2ff7,Oyoyo,943-448-7996,rmactrustyqc@indiegogo.com,82476 Kensington Lane,
65bfd92cfc13ae34700b2ff8,Twimm,901-368-0318,ringredaqd@altervista.org,095 Claremont Park,
65bfd92cfc13ae34700b2ff9,Jabbersphere,722-803-5845,lkezourecqe@patch.com,564 Jenna Plaza,
65bfd92cfc13ae34700b2ffa,Divanoodle,362-843-0536,acasaliqf@wordpress.org,63 Becker Center,
65bfd92cfc13ae34700b2ffb,Wikido,542-580-9116,jbuddingtonqg@forbes.com,2155 Mayer Hill,
65bfd92cfc13ae34700b2ffc,Skyble,711-404-7586,mcossonsqh@soundcloud.com,23 Union Pass,
65bfd92cfc13ae34700b2ffd,Realbridge,447-373-2970,skirimaaqi@huffingtonpost.com,12 Texas Plaza,
65bfd92cfc13ae34700b2ffe,Rooxo,696-778-4146,halsterqj@networkadvertising.org,837 Harbort Drive,
65bfd92cfc13ae34700b2fff,Thoughtstorm,791-891-4541,jaleksahkinqk@sun.com,08 Manitowish Plaza,
65bfd92cfc13ae34700b3000,Topicstorm,723-609-0093,ijanovskyql@ucsd.edu,1288 Village Drive,
65bfd92cfc13ae34700b3001,Voonte,372-387-5593,ameanyqm@livejournal.com,09325 Rutledge Terrace,
65bfd92cfc13ae34700b3002,Quimm,653-983-6043,tpepperdqn@intel.com,41682 Dahle Lane,
65bfd92cfc13ae34700b3003,Skinder,472-534-4625,lpepineauxqo@dyndns.org,3 Stephen Lane,
65bfd92cfc13ae34700b3004,Devcast,552-366-3703,cbaynomqp@zdnet.com,964 Washington Circle,
65bfd92cfc13ae34700b3005,Kazio,399-606-5144,elangdridgeqq@epa.gov,864 Comanche Place,
65bfd92cfc13ae34700b3006,Avaveo,631-912-0409,rchristauffourqr@imdb.com,24067 Ruskin Street,
65bfd92cfc13ae34700b3007,Izio,702-293-6247,qdrableqs@twitpic.com,34390 Cottonwood Junction,
65bfd92cfc13ae34700b3008,Trupe,663-168-1449,strinderqt@parallels.com,9386 Manley Circle,
65bfd92cfc13ae34700b3009,Dabjam,672-755-6863,agaskillqu@blogs.com,75109 Esch Way,
65bfd92cfc13ae34700b300a,Skyvu,408-215-7096,lseedmanqv@hc360.com,8345 Bartillon Park,
65bfd92cfc13ae34700b300b,Zoomzone,709-319-6092,ebubbearqw@hibu.com,0505 Burrows Park,
65bfd92cfc13ae34700b300c,Rhybox,381-258-7850,hetteryqx@trellian.com,34094 Mccormick Avenue,
65bfd92cfc13ae34700b300d,Voonte,785-288-8812,pculverhouseqy@tripadvisor.com,3 Longview Plaza,
65bfd92cfc13ae34700b300e,Jaxbean,996-514-8520,ehiskeyqz@yahoo.com,357 Roxbury Way,
65bfd92cfc13ae34700b300f,Devify,914-217-9392,rmoseleyr0@tripod.com,69183 Mayfield Drive,
65bfd92cfc13ae34700b3010,Trudeo,769-435-6692,bbrockier1@foxnews.com,3 Jenna Lane,
65bfd92cfc13ae34700b3011,Photobug,730-262-1469,caleksandrovr2@merriam-webster.com,63 Meadow Valley Place,
65bfd92cfc13ae34700b3012,Livepath,243-728-8710,mworsterr3@paginegialle.it,7 Springview Drive,
65bfd92cfc13ae34700b3013,Livetube,431-746-9249,nstanbror4@hao123.com,7249 Westport Pass,
65bfd92cfc13ae34700b3014,Zoombeat,307-917-5371,sboumphreyr5@cdbaby.com,83 Emmet Court,
65bfd92cfc13ae34700b3015,Thoughtblab,548-614-1030,kolifardr6@bandcamp.com,4 Anzinger Place,
65bfd92cfc13ae34700b3016,Pixope,596-220-9730,lrichardr7@nydailynews.com,6 Walton Hill,
65bfd92cfc13ae34700b3017,Thoughtbeat,495-196-6363,bblamphinr8@spiegel.de,9995 7th Road,
65bfd92cfc13ae34700b3018,Ozu,779-474-2390,mfawcettr9@g.co,86704 Caliangt Lane,
65bfd92cfc13ae34700b3019,Dabfeed,504-672-8952,gmcguanera@theguardian.com,79 Arapahoe Circle,
65bfd92cfc13ae34700b301a,Linkbuzz,194-661-0023,ctitheringtonrb@smh.com.au,045 Maple Wood Point,
65bfd92cfc13ae34700b301b,Youopia,943-491-1286,isegeswoethrc@tiny.cc,819 Bellgrove Alley,
65bfd92cfc13ae34700b301c,Edgepulse,549-281-6724,dtappingtonrd@ihg.com,70900 Memorial Plaza,
65bfd92cfc13ae34700b301d,Pixonyx,795-460-5273,tphythianre@eepurl.com,460 John Wall Junction,
65bfd92cfc13ae34700b301e,Zoonder,503-184-4112,pcastrorf@google.it,053 Drewry Park,
65bfd92cfc13ae34700b301f,Trunyx,719-132-3004,mlawdayrg@typepad.com,3 Arapahoe Street,
65bfd92cfc13ae34700b3020,Realfire,779-569-8544,hgrenvillerh@cdbaby.com,06 Kim Lane,
65bfd92cfc13ae34700b3021,Wikizz,673-249-5835,oainsbyri@nymag.com,8 Mallory Lane,
65bfd92cfc13ae34700b3022,Dablist,394-188-9176,bdomoneyrj@sphinn.com,2956 Sloan Court,
65bfd92cfc13ae34700b3023,Twitterwire,913-784-4286,apeacockerk@vimeo.com,20444 Tennessee Parkway,
65bfd92cfc13ae34700b3024,Photobean,785-417-2721,jbaishrl@census.gov,9726 Annamark Crossing,
65bfd92cfc13ae34700b3025,Topiczoom,883-613-0138,ayegorovninrm@omniture.com,25 School Crossing,
65bfd92cfc13ae34700b3026,Photobug,142-117-8908,emcilhattonrn@shinystat.com,905 Beilfuss Point,
65bfd92cfc13ae34700b3027,Yoveo,834-762-3092,operetro@virginia.edu,003 Tennyson Street,
65bfd92cfc13ae34700b3028,Youopia,488-995-6974,wfukerp@huffingtonpost.com,7 5th Street,
65bfd92cfc13ae34700b3029,Rhynoodle,770-746-4976,jmordanrq@discuz.net,7593 Village Place,
65bfd92cfc13ae34700b302a,Yakitri,121-905-2341,mmacrorr@wikispaces.com,2 Fairview Point,
